"","X","source","site","datetime","analyte","value","units","latitude","longitude","sample_depth"
"1","...81483","MiamiBeach","22","2020-01-16","Fecal_Coliforms",3,"CFU/100 mL",NA,NA,NA
"2","...81495","MiamiBeach","23","2020-01-16","Fecal_Coliforms",7,"CFU/100 mL",NA,NA,NA
"3","...81507","MiamiBeach","24","2020-01-16","Fecal_Coliforms",76,"CFU/100 mL",NA,NA,NA
"4","...81519","MiamiBeach","25","2020-01-16","Fecal_Coliforms",9,"CFU/100 mL",NA,NA,NA
"5","...81531","MiamiBeach","26","2020-01-16","Fecal_Coliforms",2,"CFU/100 mL",NA,NA,NA
"6","...81543","MiamiBeach","27","2020-01-16","Fecal_Coliforms",4,"CFU/100 mL",NA,NA,NA
"7","...81555","MiamiBeach","28","2020-01-16","Fecal_Coliforms",3,"CFU/100 mL",NA,NA,NA
"8","...81567","MiamiBeach","29","2020-01-16","Fecal_Coliforms",7,"CFU/100 mL",NA,NA,NA
"9","...81579","MiamiBeach","30","2020-01-16","Fecal_Coliforms",3,"CFU/100 mL",NA,NA,NA
"10","...81591","MiamiBeach","31","2020-01-16","Fecal_Coliforms",2,"CFU/100 mL",NA,NA,NA
"11","...81603","MiamiBeach","32","2020-01-16","Fecal_Coliforms",11,"CFU/100 mL",NA,NA,NA
"12","...81615","MiamiBeach","33","2020-01-16","Fecal_Coliforms",2,"CFU/100 mL",NA,NA,NA
"13","...81627","MiamiBeach","34","2020-01-16","Fecal_Coliforms",1,"CFU/100 mL",NA,NA,NA
"14","...81639","MiamiBeach","35","2020-01-16","Fecal_Coliforms",7,"CFU/100 mL",NA,NA,NA
"15","...81651","MiamiBeach","36","2020-01-16","Fecal_Coliforms",74,"CFU/100 mL",NA,NA,NA
"16","...81663","MiamiBeach","37","2020-01-16","Fecal_Coliforms",12,"CFU/100 mL",NA,NA,NA
"17","...81675","MiamiBeach","38","2020-01-16","Fecal_Coliforms",16,"CFU/100 mL",NA,NA,NA
"18","...81687","MiamiBeach","39","2020-01-16","Fecal_Coliforms",14,"CFU/100 mL",NA,NA,NA
"19","...81699","MiamiBeach","40","2020-01-16","Fecal_Coliforms",2,"CFU/100 mL",NA,NA,NA
"20","...81711","MiamiBeach","41","2020-01-16","Fecal_Coliforms",1,"CFU/100 mL",NA,NA,NA
"21","...81744","MiamiBeach","1","2020-01-17","Fecal_Coliforms",4,"CFU/100 mL",NA,NA,NA
"22","...81745","MiamiBeach","2","2020-01-17","Fecal_Coliforms",2,"CFU/100 mL",NA,NA,NA
"23","...81746","MiamiBeach","3b","2020-01-17","Fecal_Coliforms",9,"CFU/100 mL",NA,NA,NA
"24","...81747","MiamiBeach","3","2020-01-17","Fecal_Coliforms",3,"CFU/100 mL",NA,NA,NA
"25","...81748","MiamiBeach","4","2020-01-17","Fecal_Coliforms",5,"CFU/100 mL",NA,NA,NA
"26","...81749","MiamiBeach","5","2020-01-17","Fecal_Coliforms",11,"CFU/100 mL",NA,NA,NA
"27","...81750","MiamiBeach","6","2020-01-17","Fecal_Coliforms",22,"CFU/100 mL",NA,NA,NA
"28","...81751","MiamiBeach","7","2020-01-17","Fecal_Coliforms",1,"CFU/100 mL",NA,NA,NA
"29","...81752","MiamiBeach","8","2020-01-17","Fecal_Coliforms",31,"CFU/100 mL",NA,NA,NA
"30","...81753","MiamiBeach","9","2020-01-17","Fecal_Coliforms",12,"CFU/100 mL",NA,NA,NA
"31","...81754","MiamiBeach","10","2020-01-17","Fecal_Coliforms",1,"CFU/100 mL",NA,NA,NA
"32","...81755","MiamiBeach","11","2020-01-17","Fecal_Coliforms",16,"CFU/100 mL",NA,NA,NA
"33","...81756","MiamiBeach","12","2020-01-17","Fecal_Coliforms",292,"CFU/100 mL",NA,NA,NA
"34","...81757","MiamiBeach","13","2020-01-17","Fecal_Coliforms",38,"CFU/100 mL",NA,NA,NA
"35","...81758","MiamiBeach","14","2020-01-17","Fecal_Coliforms",10,"CFU/100 mL",NA,NA,NA
"36","...81759","MiamiBeach","15","2020-01-17","Fecal_Coliforms",11,"CFU/100 mL",NA,NA,NA
"37","...81760","MiamiBeach","16","2020-01-17","Fecal_Coliforms",9,"CFU/100 mL",NA,NA,NA
"38","...81761","MiamiBeach","17","2020-01-17","Fecal_Coliforms",9,"CFU/100 mL",NA,NA,NA
"39","...81762","MiamiBeach","18","2020-01-17","Fecal_Coliforms",7,"CFU/100 mL",NA,NA,NA
"40","...81763","MiamiBeach","19","2020-01-17","Fecal_Coliforms",13,"CFU/100 mL",NA,NA,NA
"41","...81764","MiamiBeach","20","2020-01-17","Fecal_Coliforms",1,"CFU/100 mL",NA,NA,NA
"42","...81765","MiamiBeach","21","2020-01-17","Fecal_Coliforms",3,"CFU/100 mL",NA,NA,NA
"43","...81997","MiamiBeach","26","2020-02-13","Fecal_Coliforms",1,"CFU/100 mL",NA,NA,NA
"44","...81998","MiamiBeach","27","2020-02-13","Fecal_Coliforms",3,"CFU/100 mL",NA,NA,NA
"45","...81999","MiamiBeach","28","2020-02-13","Fecal_Coliforms",2,"CFU/100 mL",NA,NA,NA
"46","...82000","MiamiBeach","32","2020-02-13","Fecal_Coliforms",9,"CFU/100 mL",NA,NA,NA
"47","...82001","MiamiBeach","33","2020-02-13","Fecal_Coliforms",5,"CFU/100 mL",NA,NA,NA
"48","...82002","MiamiBeach","29","2020-02-13","Fecal_Coliforms",3,"CFU/100 mL",NA,NA,NA
"49","...82003","MiamiBeach","30","2020-02-13","Fecal_Coliforms",NA,"CFU/100 mL",NA,NA,NA
"50","...82004","MiamiBeach","31","2020-02-13","Fecal_Coliforms",2,"CFU/100 mL",NA,NA,NA
"51","...82005","MiamiBeach","34","2020-02-13","Fecal_Coliforms",NA,"CFU/100 mL",NA,NA,NA
"52","...82006","MiamiBeach","37","2020-02-13","Fecal_Coliforms",NA,"CFU/100 mL",NA,NA,NA
"53","...82007","MiamiBeach","36","2020-02-13","Fecal_Coliforms",168,"CFU/100 mL",NA,NA,NA
"54","...82008","MiamiBeach","25","2020-02-13","Fecal_Coliforms",7,"CFU/100 mL",NA,NA,NA
"55","...82159","MiamiBeach","24","2020-02-16","Fecal_Coliforms",NA,"CFU/100 mL",NA,NA,NA
"56","...82160","MiamiBeach","23","2020-02-16","Fecal_Coliforms",10,"CFU/100 mL",NA,NA,NA
"57","...82161","MiamiBeach","22","2020-02-16","Fecal_Coliforms",4,"CFU/100 mL",NA,NA,NA
"58","...82162","MiamiBeach","21","2020-02-16","Fecal_Coliforms",3,"CFU/100 mL",NA,NA,NA
"59","...82163","MiamiBeach","20","2020-02-16","Fecal_Coliforms",3,"CFU/100 mL",NA,NA,NA
"60","...82164","MiamiBeach","15","2020-02-16","Fecal_Coliforms",NA,"CFU/100 mL",NA,NA,NA
"61","...82165","MiamiBeach","16","2020-02-16","Fecal_Coliforms",6,"CFU/100 mL",NA,NA,NA
"62","...82166","MiamiBeach","17","2020-02-16","Fecal_Coliforms",20,"CFU/100 mL",NA,NA,NA
"63","...82167","MiamiBeach","18","2020-02-16","Fecal_Coliforms",4,"CFU/100 mL",NA,NA,NA
"64","...82168","MiamiBeach","19","2020-02-16","Fecal_Coliforms",12,"CFU/100 mL",NA,NA,NA
"65","...82169","MiamiBeach","14","2020-02-16","Fecal_Coliforms",NA,"CFU/100 mL",NA,NA,NA
"66","...82170","MiamiBeach","13","2020-02-16","Fecal_Coliforms",NA,"CFU/100 mL",NA,NA,NA
"67","...82171","MiamiBeach","12","2020-02-16","Fecal_Coliforms",112,"CFU/100 mL",NA,NA,NA
"68","...82172","MiamiBeach","11","2020-02-16","Fecal_Coliforms",NA,"CFU/100 mL",NA,NA,NA
"69","...82173","MiamiBeach","10","2020-02-16","Fecal_Coliforms",NA,"CFU/100 mL",NA,NA,NA
"70","...82174","MiamiBeach","9","2020-02-16","Fecal_Coliforms",NA,"CFU/100 mL",NA,NA,NA
"71","...82175","MiamiBeach","8","2020-02-16","Fecal_Coliforms",1,"CFU/100 mL",NA,NA,NA
"72","...82176","MiamiBeach","7","2020-02-16","Fecal_Coliforms",1,"CFU/100 mL",NA,NA,NA
"73","...82177","MiamiBeach","6","2020-02-16","Fecal_Coliforms",NA,"CFU/100 mL",NA,NA,NA
"74","...82178","MiamiBeach","5","2020-02-16","Fecal_Coliforms",NA,"CFU/100 mL",NA,NA,NA
"75","...82179","MiamiBeach","4","2020-02-16","Fecal_Coliforms",NA,"CFU/100 mL",NA,NA,NA
"76","...82180","MiamiBeach","3B","2020-02-16","Fecal_Coliforms",NA,"CFU/100 mL",NA,NA,NA
"77","...82181","MiamiBeach","3","2020-02-16","Fecal_Coliforms",NA,"CFU/100 mL",NA,NA,NA
"78","...82182","MiamiBeach","2","2020-02-16","Fecal_Coliforms",1,"CFU/100 mL",NA,NA,NA
"79","...82183","MiamiBeach","1","2020-02-16","Fecal_Coliforms",NA,"CFU/100 mL",NA,NA,NA
"80","...82184","MiamiBeach","35","2020-02-16","Fecal_Coliforms",NA,"CFU/100 mL",NA,NA,NA
"81","...82185","MiamiBeach","41","2020-02-16","Fecal_Coliforms",1,"CFU/100 mL",NA,NA,NA
"82","...82186","MiamiBeach","40","2020-02-16","Fecal_Coliforms",1,"CFU/100 mL",NA,NA,NA
"83","...82187","MiamiBeach","39","2020-02-16","Fecal_Coliforms",1,"CFU/100 mL",NA,NA,NA
"84","...82188","MiamiBeach","38","2020-02-16","Fecal_Coliforms",1,"CFU/100 mL",NA,NA,NA
"85","...82511","MiamiBeach","1","2020-03-12","Fecal_Coliforms",7,"CFU/100 mL",NA,NA,NA
"86","...82512","MiamiBeach","2","2020-03-12","Fecal_Coliforms",1,"CFU/100 mL",NA,NA,NA
"87","...82513","MiamiBeach","3B","2020-03-12","Fecal_Coliforms",3,"CFU/100 mL",NA,NA,NA
"88","...82514","MiamiBeach","3","2020-03-12","Fecal_Coliforms",1,"CFU/100 mL",NA,NA,NA
"89","...82515","MiamiBeach","4","2020-03-12","Fecal_Coliforms",NA,"CFU/100 mL",NA,NA,NA
"90","...82516","MiamiBeach","5","2020-03-12","Fecal_Coliforms",2,"CFU/100 mL",NA,NA,NA
"91","...82517","MiamiBeach","6","2020-03-12","Fecal_Coliforms",7,"CFU/100 mL",NA,NA,NA
"92","...82518","MiamiBeach","7","2020-03-12","Fecal_Coliforms",4,"CFU/100 mL",NA,NA,NA
"93","...82519","MiamiBeach","8","2020-03-12","Fecal_Coliforms",19,"CFU/100 mL",NA,NA,NA
"94","...82520","MiamiBeach","9","2020-03-12","Fecal_Coliforms",NA,"CFU/100 mL",NA,NA,NA
"95","...82521","MiamiBeach","10","2020-03-12","Fecal_Coliforms",6,"CFU/100 mL",NA,NA,NA
"96","...82522","MiamiBeach","11","2020-03-12","Fecal_Coliforms",10,"CFU/100 mL",NA,NA,NA
"97","...82523","MiamiBeach","12","2020-03-12","Fecal_Coliforms",184,"CFU/100 mL",NA,NA,NA
"98","...82524","MiamiBeach","13","2020-03-12","Fecal_Coliforms",4,"CFU/100 mL",NA,NA,NA
"99","...82525","MiamiBeach","14","2020-03-12","Fecal_Coliforms",1,"CFU/100 mL",NA,NA,NA
"100","...82526","MiamiBeach","15","2020-03-12","Fecal_Coliforms",34,"CFU/100 mL",NA,NA,NA
"101","...82527","MiamiBeach","16","2020-03-12","Fecal_Coliforms",9,"CFU/100 mL",NA,NA,NA
"102","...82528","MiamiBeach","17","2020-03-12","Fecal_Coliforms",2,"CFU/100 mL",NA,NA,NA
"103","...82529","MiamiBeach","18","2020-03-12","Fecal_Coliforms",20,"CFU/100 mL",NA,NA,NA
"104","...82530","MiamiBeach","19","2020-03-12","Fecal_Coliforms",43,"CFU/100 mL",NA,NA,NA
"105","...82531","MiamiBeach","20","2020-03-12","Fecal_Coliforms",4,"CFU/100 mL",NA,NA,NA
"106","...82532","MiamiBeach","21","2020-03-12","Fecal_Coliforms",5,"CFU/100 mL",NA,NA,NA
"107","...82533","MiamiBeach","22","2020-03-12","Fecal_Coliforms",2,"CFU/100 mL",NA,NA,NA
"108","...82534","MiamiBeach","23","2020-03-12","Fecal_Coliforms",2,"CFU/100 mL",NA,NA,NA
"109","...82794","MiamiBeach","25","2020-03-14","Fecal_Coliforms",9,"CFU/100 mL",NA,NA,NA
"110","...82795","MiamiBeach","24","2020-03-14","Fecal_Coliforms",8,"CFU/100 mL",NA,NA,NA
"111","...82796","MiamiBeach","26","2020-03-14","Fecal_Coliforms",1,"CFU/100 mL",NA,NA,NA
"112","...82797","MiamiBeach","27","2020-03-14","Fecal_Coliforms",60,"CFU/100 mL",NA,NA,NA
"113","...82798","MiamiBeach","28","2020-03-14","Fecal_Coliforms",4,"CFU/100 mL",NA,NA,NA
"114","...82799","MiamiBeach","32","2020-03-14","Fecal_Coliforms",NA,"CFU/100 mL",NA,NA,NA
"115","...82800","MiamiBeach","33","2020-03-14","Fecal_Coliforms",NA,"CFU/100 mL",NA,NA,NA
"116","...82801","MiamiBeach","29","2020-03-14","Fecal_Coliforms",NA,"CFU/100 mL",NA,NA,NA
"117","...82802","MiamiBeach","30","2020-03-14","Fecal_Coliforms",2,"CFU/100 mL",NA,NA,NA
"118","...82803","MiamiBeach","31","2020-03-14","Fecal_Coliforms",2,"CFU/100 mL",NA,NA,NA
"119","...82804","MiamiBeach","34","2020-03-14","Fecal_Coliforms",NA,"CFU/100 mL",NA,NA,NA
"120","...82805","MiamiBeach","41","2020-03-14","Fecal_Coliforms",1,"CFU/100 mL",NA,NA,NA
"121","...82806","MiamiBeach","40","2020-03-14","Fecal_Coliforms",1,"CFU/100 mL",NA,NA,NA
"122","...82807","MiamiBeach","39","2020-03-14","Fecal_Coliforms",NA,"CFU/100 mL",NA,NA,NA
"123","...82808","MiamiBeach","38","2020-03-14","Fecal_Coliforms",1,"CFU/100 mL",NA,NA,NA
"124","...82809","MiamiBeach","37","2020-03-14","Fecal_Coliforms",6,"CFU/100 mL",NA,NA,NA
"125","...82810","MiamiBeach","36","2020-03-14","Fecal_Coliforms",NA,"CFU/100 mL",NA,NA,NA
"126","...82811","MiamiBeach","35","2020-03-14","Fecal_Coliforms",4,"CFU/100 mL",NA,NA,NA
"127","...82812","MiamiBeach","3A","2020-03-14","Fecal_Coliforms",4,"CFU/100 mL",NA,NA,NA
"128","...83030","MiamiBeach","25","2020-04-10","Fecal_Coliforms",11,"CFU/100 mL",NA,NA,NA
"129","...83031","MiamiBeach","1","2020-04-10","Fecal_Coliforms",NA,"CFU/100 mL",NA,NA,NA
"130","...83032","MiamiBeach","2","2020-04-10","Fecal_Coliforms",2,"CFU/100 mL",NA,NA,NA
"131","...83033","MiamiBeach","3B","2020-04-10","Fecal_Coliforms",16,"CFU/100 mL",NA,NA,NA
"132","...83034","MiamiBeach","3","2020-04-10","Fecal_Coliforms",6,"CFU/100 mL",NA,NA,NA
"133","...83035","MiamiBeach","3A","2020-04-10","Fecal_Coliforms",33,"CFU/100 mL",NA,NA,NA
"134","...83036","MiamiBeach","4","2020-04-10","Fecal_Coliforms",NA,"CFU/100 mL",NA,NA,NA
"135","...83037","MiamiBeach","5","2020-04-10","Fecal_Coliforms",1,"CFU/100 mL",NA,NA,NA
"136","...83038","MiamiBeach","6","2020-04-10","Fecal_Coliforms",1,"CFU/100 mL",NA,NA,NA
"137","...83039","MiamiBeach","7","2020-04-10","Fecal_Coliforms",4,"CFU/100 mL",NA,NA,NA
"138","...83040","MiamiBeach","8","2020-04-10","Fecal_Coliforms",7,"CFU/100 mL",NA,NA,NA
"139","...83041","MiamiBeach","9","2020-04-10","Fecal_Coliforms",1,"CFU/100 mL",NA,NA,NA
"140","...83042","MiamiBeach","10","2020-04-10","Fecal_Coliforms",5,"CFU/100 mL",NA,NA,NA
"141","...83043","MiamiBeach","11","2020-04-10","Fecal_Coliforms",1,"CFU/100 mL",NA,NA,NA
"142","...83044","MiamiBeach","12","2020-04-10","Fecal_Coliforms",29,"CFU/100 mL",NA,NA,NA
"143","...83045","MiamiBeach","13","2020-04-10","Fecal_Coliforms",NA,"CFU/100 mL",NA,NA,NA
"144","...83046","MiamiBeach","14","2020-04-10","Fecal_Coliforms",2,"CFU/100 mL",NA,NA,NA
"145","...83047","MiamiBeach","15","2020-04-10","Fecal_Coliforms",NA,"CFU/100 mL",NA,NA,NA
"146","...83048","MiamiBeach","16","2020-04-10","Fecal_Coliforms",3,"CFU/100 mL",NA,NA,NA
"147","...83049","MiamiBeach","17","2020-04-10","Fecal_Coliforms",NA,"CFU/100 mL",NA,NA,NA
"148","...83050","MiamiBeach","18","2020-04-10","Fecal_Coliforms",1,"CFU/100 mL",NA,NA,NA
"149","...83051","MiamiBeach","19","2020-04-10","Fecal_Coliforms",12,"CFU/100 mL",NA,NA,NA
"150","...83052","MiamiBeach","20","2020-04-10","Fecal_Coliforms",NA,"CFU/100 mL",NA,NA,NA
"151","...83053","MiamiBeach","21","2020-04-10","Fecal_Coliforms",NA,"CFU/100 mL",NA,NA,NA
"152","...83054","MiamiBeach","22","2020-04-10","Fecal_Coliforms",2,"CFU/100 mL",NA,NA,NA
"153","...83055","MiamiBeach","23","2020-04-10","Fecal_Coliforms",NA,"CFU/100 mL",NA,NA,NA
"154","...83056","MiamiBeach","24","2020-04-10","Fecal_Coliforms",NA,"CFU/100 mL",NA,NA,NA
"155","...83343","MiamiBeach","26","2020-04-11","Fecal_Coliforms",4,"CFU/100 mL",NA,NA,NA
"156","...83344","MiamiBeach","27","2020-04-11","Fecal_Coliforms",12,"CFU/100 mL",NA,NA,NA
"157","...83345","MiamiBeach","28","2020-04-11","Fecal_Coliforms",2,"CFU/100 mL",NA,NA,NA
"158","...83346","MiamiBeach","32","2020-04-11","Fecal_Coliforms",4,"CFU/100 mL",NA,NA,NA
"159","...83347","MiamiBeach","33","2020-04-11","Fecal_Coliforms",4,"CFU/100 mL",NA,NA,NA
"160","...83348","MiamiBeach","29","2020-04-11","Fecal_Coliforms",NA,"CFU/100 mL",NA,NA,NA
"161","...83349","MiamiBeach","30","2020-04-11","Fecal_Coliforms",3,"CFU/100 mL",NA,NA,NA
"162","...83350","MiamiBeach","31","2020-04-11","Fecal_Coliforms",16,"CFU/100 mL",NA,NA,NA
"163","...83351","MiamiBeach","34","2020-04-11","Fecal_Coliforms",6,"CFU/100 mL",NA,NA,NA
"164","...83352","MiamiBeach","41","2020-04-11","Fecal_Coliforms",NA,"CFU/100 mL",NA,NA,NA
"165","...83353","MiamiBeach","40","2020-04-11","Fecal_Coliforms",2,"CFU/100 mL",NA,NA,NA
"166","...83354","MiamiBeach","39","2020-04-11","Fecal_Coliforms",1,"CFU/100 mL",NA,NA,NA
"167","...83355","MiamiBeach","38","2020-04-11","Fecal_Coliforms",46,"CFU/100 mL",NA,NA,NA
"168","...83356","MiamiBeach","37","2020-04-11","Fecal_Coliforms",56,"CFU/100 mL",NA,NA,NA
"169","...83357","MiamiBeach","36","2020-04-11","Fecal_Coliforms",20,"CFU/100 mL",NA,NA,NA
"170","...83358","MiamiBeach","35","2020-04-11","Fecal_Coliforms",7,"CFU/100 mL",NA,NA,NA
"171","...83546","MiamiBeach","1","2020-05-14","Fecal_Coliforms",8,"CFU/100 mL",NA,NA,NA
"172","...83547","MiamiBeach","2","2020-05-14","Fecal_Coliforms",4,"CFU/100 mL",NA,NA,NA
"173","...83548","MiamiBeach","3B","2020-05-14","Fecal_Coliforms",NA,"CFU/100 mL",NA,NA,NA
"174","...83549","MiamiBeach","3","2020-05-14","Fecal_Coliforms",11,"CFU/100 mL",NA,NA,NA
"175","...83550","MiamiBeach","3A","2020-05-14","Fecal_Coliforms",81,"CFU/100 mL",NA,NA,NA
"176","...83551","MiamiBeach","4","2020-05-14","Fecal_Coliforms",4,"CFU/100 mL",NA,NA,NA
"177","...83552","MiamiBeach","5","2020-05-14","Fecal_Coliforms",11,"CFU/100 mL",NA,NA,NA
"178","...83553","MiamiBeach","6","2020-05-14","Fecal_Coliforms",4,"CFU/100 mL",NA,NA,NA
"179","...83554","MiamiBeach","7","2020-05-14","Fecal_Coliforms",NA,"CFU/100 mL",NA,NA,NA
"180","...83555","MiamiBeach","8","2020-05-14","Fecal_Coliforms",4,"CFU/100 mL",NA,NA,NA
"181","...83556","MiamiBeach","9","2020-05-14","Fecal_Coliforms",NA,"CFU/100 mL",NA,NA,NA
"182","...83557","MiamiBeach","10","2020-05-14","Fecal_Coliforms",1,"CFU/100 mL",NA,NA,NA
"183","...83558","MiamiBeach","11","2020-05-14","Fecal_Coliforms",4,"CFU/100 mL",NA,NA,NA
"184","...83559","MiamiBeach","12","2020-05-14","Fecal_Coliforms",27,"CFU/100 mL",NA,NA,NA
"185","...83560","MiamiBeach","13","2020-05-14","Fecal_Coliforms",9,"CFU/100 mL",NA,NA,NA
"186","...83561","MiamiBeach","14","2020-05-14","Fecal_Coliforms",1,"CFU/100 mL",NA,NA,NA
"187","...83562","MiamiBeach","15","2020-05-14","Fecal_Coliforms",3,"CFU/100 mL",NA,NA,NA
"188","...83563","MiamiBeach","16","2020-05-14","Fecal_Coliforms",2,"CFU/100 mL",NA,NA,NA
"189","...83564","MiamiBeach","17","2020-05-14","Fecal_Coliforms",1,"CFU/100 mL",NA,NA,NA
"190","...83565","MiamiBeach","18","2020-05-14","Fecal_Coliforms",5,"CFU/100 mL",NA,NA,NA
"191","...83566","MiamiBeach","19","2020-05-14","Fecal_Coliforms",29,"CFU/100 mL",NA,NA,NA
"192","...83567","MiamiBeach","20","2020-05-14","Fecal_Coliforms",9,"CFU/100 mL",NA,NA,NA
"193","...83568","MiamiBeach","21","2020-05-14","Fecal_Coliforms",7,"CFU/100 mL",NA,NA,NA
"194","...83569","MiamiBeach","22","2020-05-14","Fecal_Coliforms",6,"CFU/100 mL",NA,NA,NA
"195","...83570","MiamiBeach","23","2020-05-14","Fecal_Coliforms",1,"CFU/100 mL",NA,NA,NA
"196","...83571","MiamiBeach","24","2020-05-14","Fecal_Coliforms",1,"CFU/100 mL",NA,NA,NA
"197","...83572","MiamiBeach","25","2020-05-14","Fecal_Coliforms",NA,"CFU/100 mL",NA,NA,NA
"198","...83859","MiamiBeach","26","2020-05-16","Fecal_Coliforms",7,"CFU/100 mL",NA,NA,NA
"199","...83860","MiamiBeach","27","2020-05-16","Fecal_Coliforms",NA,"CFU/100 mL",NA,NA,NA
"200","...83861","MiamiBeach","28","2020-05-16","Fecal_Coliforms",NA,"CFU/100 mL",NA,NA,NA
"201","...83862","MiamiBeach","32","2020-05-16","Fecal_Coliforms",7,"CFU/100 mL",NA,NA,NA
"202","...83863","MiamiBeach","33","2020-05-16","Fecal_Coliforms",4,"CFU/100 mL",NA,NA,NA
"203","...83864","MiamiBeach","29","2020-05-16","Fecal_Coliforms",12,"CFU/100 mL",NA,NA,NA
"204","...83865","MiamiBeach","30","2020-05-16","Fecal_Coliforms",38,"CFU/100 mL",NA,NA,NA
"205","...83866","MiamiBeach","31","2020-05-16","Fecal_Coliforms",25,"CFU/100 mL",NA,NA,NA
"206","...83867","MiamiBeach","34","2020-05-16","Fecal_Coliforms",12,"CFU/100 mL",NA,NA,NA
"207","...83868","MiamiBeach","41","2020-05-16","Fecal_Coliforms",29,"CFU/100 mL",NA,NA,NA
"208","...83869","MiamiBeach","40","2020-05-16","Fecal_Coliforms",23,"CFU/100 mL",NA,NA,NA
"209","...83870","MiamiBeach","39","2020-05-16","Fecal_Coliforms",60,"CFU/100 mL",NA,NA,NA
"210","...83871","MiamiBeach","38","2020-05-16","Fecal_Coliforms",42,"CFU/100 mL",NA,NA,NA
"211","...83872","MiamiBeach","37","2020-05-16","Fecal_Coliforms",87,"CFU/100 mL",NA,NA,NA
"212","...83873","MiamiBeach","36","2020-05-16","Fecal_Coliforms",50,"CFU/100 mL",NA,NA,NA
"213","...83874","MiamiBeach","35","2020-05-16","Fecal_Coliforms",16,"CFU/100 mL",NA,NA,NA
"214","...84061","MiamiBeach","1","2020-06-18","Fecal_Coliforms",6,"CFU/100 mL",NA,NA,NA
"215","...84062","MiamiBeach","2","2020-06-18","Fecal_Coliforms",6,"CFU/100 mL",NA,NA,NA
"216","...84063","MiamiBeach","3B","2020-06-18","Fecal_Coliforms",5,"CFU/100 mL",NA,NA,NA
"217","...84064","MiamiBeach","3","2020-06-18","Fecal_Coliforms",11,"CFU/100 mL",NA,NA,NA
"218","...84065","MiamiBeach","3A","2020-06-18","Fecal_Coliforms",240,"CFU/100 mL",NA,NA,NA
"219","...84066","MiamiBeach","4","2020-06-18","Fecal_Coliforms",26,"CFU/100 mL",NA,NA,NA
"220","...84067","MiamiBeach","5","2020-06-18","Fecal_Coliforms",11,"CFU/100 mL",NA,NA,NA
"221","...84068","MiamiBeach","6","2020-06-18","Fecal_Coliforms",21,"CFU/100 mL",NA,NA,NA
"222","...84069","MiamiBeach","7","2020-06-18","Fecal_Coliforms",9,"CFU/100 mL",NA,NA,NA
"223","...84070","MiamiBeach","8","2020-06-18","Fecal_Coliforms",12,"CFU/100 mL",NA,NA,NA
"224","...84071","MiamiBeach","9","2020-06-18","Fecal_Coliforms",6,"CFU/100 mL",NA,NA,NA
"225","...84072","MiamiBeach","10","2020-06-18","Fecal_Coliforms",10,"CFU/100 mL",NA,NA,NA
"226","...84073","MiamiBeach","11","2020-06-18","Fecal_Coliforms",13,"CFU/100 mL",NA,NA,NA
"227","...84074","MiamiBeach","12","2020-06-18","Fecal_Coliforms",NA,"CFU/100 mL",NA,NA,NA
"228","...84075","MiamiBeach","13","2020-06-18","Fecal_Coliforms",9,"CFU/100 mL",NA,NA,NA
"229","...84076","MiamiBeach","14","2020-06-18","Fecal_Coliforms",5,"CFU/100 mL",NA,NA,NA
"230","...84077","MiamiBeach","15","2020-06-18","Fecal_Coliforms",5,"CFU/100 mL",NA,NA,NA
"231","...84078","MiamiBeach","16","2020-06-18","Fecal_Coliforms",30,"CFU/100 mL",NA,NA,NA
"232","...84079","MiamiBeach","17","2020-06-18","Fecal_Coliforms",15,"CFU/100 mL",NA,NA,NA
"233","...84080","MiamiBeach","18","2020-06-18","Fecal_Coliforms",22,"CFU/100 mL",NA,NA,NA
"234","...84081","MiamiBeach","19","2020-06-18","Fecal_Coliforms",45,"CFU/100 mL",NA,NA,NA
"235","...84082","MiamiBeach","20","2020-06-18","Fecal_Coliforms",1,"CFU/100 mL",NA,NA,NA
"236","...84083","MiamiBeach","21","2020-06-18","Fecal_Coliforms",10,"CFU/100 mL",NA,NA,NA
"237","...84084","MiamiBeach","22","2020-06-18","Fecal_Coliforms",NA,"CFU/100 mL",NA,NA,NA
"238","...84085","MiamiBeach","23","2020-06-18","Fecal_Coliforms",12,"CFU/100 mL",NA,NA,NA
"239","...84086","MiamiBeach","24","2020-06-18","Fecal_Coliforms",6,"CFU/100 mL",NA,NA,NA
"240","...84363","MiamiBeach","26","2020-06-20","Fecal_Coliforms",NA,"CFU/100 mL",NA,NA,NA
"241","...84364","MiamiBeach","27","2020-06-20","Fecal_Coliforms",73,"CFU/100 mL",NA,NA,NA
"242","...84365","MiamiBeach","28","2020-06-20","Fecal_Coliforms",84,"CFU/100 mL",NA,NA,NA
"243","...84366","MiamiBeach","32","2020-06-20","Fecal_Coliforms",16,"CFU/100 mL",NA,NA,NA
"244","...84367","MiamiBeach","33","2020-06-20","Fecal_Coliforms",99,"CFU/100 mL",NA,NA,NA
"245","...84368","MiamiBeach","29","2020-06-20","Fecal_Coliforms",46,"CFU/100 mL",NA,NA,NA
"246","...84369","MiamiBeach","30","2020-06-20","Fecal_Coliforms",80,"CFU/100 mL",NA,NA,NA
"247","...84370","MiamiBeach","34","2020-06-20","Fecal_Coliforms",96,"CFU/100 mL",NA,NA,NA
"248","...84371","MiamiBeach","41","2020-06-20","Fecal_Coliforms",75,"CFU/100 mL",NA,NA,NA
"249","...84372","MiamiBeach","40","2020-06-20","Fecal_Coliforms",106,"CFU/100 mL",NA,NA,NA
"250","...84373","MiamiBeach","39","2020-06-20","Fecal_Coliforms",6,"CFU/100 mL",NA,NA,NA
"251","...84374","MiamiBeach","38","2020-06-20","Fecal_Coliforms",11,"CFU/100 mL",NA,NA,NA
"252","...84375","MiamiBeach","37","2020-06-20","Fecal_Coliforms",10,"CFU/100 mL",NA,NA,NA
"253","...84376","MiamiBeach","36","2020-06-20","Fecal_Coliforms",83,"CFU/100 mL",NA,NA,NA
"254","...84377","MiamiBeach","31","2020-06-20","Fecal_Coliforms",9,"CFU/100 mL",NA,NA,NA
"255","...84378","MiamiBeach","35","2020-06-20","Fecal_Coliforms",112,"CFU/100 mL",NA,NA,NA
"256","...84566","MiamiBeach","1","2020-07-17","Fecal_Coliforms",27,"CFU/100 mL",NA,NA,NA
"257","...84567","MiamiBeach","2","2020-07-17","Fecal_Coliforms",31,"CFU/100 mL",NA,NA,NA
"258","...84568","MiamiBeach","3B","2020-07-17","Fecal_Coliforms",29,"CFU/100 mL",NA,NA,NA
"259","...84569","MiamiBeach","3","2020-07-17","Fecal_Coliforms",12,"CFU/100 mL",NA,NA,NA
"260","...84570","MiamiBeach","3A","2020-07-17","Fecal_Coliforms",250,"CFU/100 mL",NA,NA,NA
"261","...84571","MiamiBeach","4","2020-07-17","Fecal_Coliforms",16,"CFU/100 mL",NA,NA,NA
"262","...84572","MiamiBeach","5","2020-07-17","Fecal_Coliforms",12,"CFU/100 mL",NA,NA,NA
"263","...84573","MiamiBeach","6","2020-07-17","Fecal_Coliforms",17,"CFU/100 mL",NA,NA,NA
"264","...84574","MiamiBeach","7","2020-07-17","Fecal_Coliforms",11,"CFU/100 mL",NA,NA,NA
"265","...84575","MiamiBeach","8","2020-07-17","Fecal_Coliforms",10,"CFU/100 mL",NA,NA,NA
"266","...84576","MiamiBeach","9","2020-07-17","Fecal_Coliforms",11,"CFU/100 mL",NA,NA,NA
"267","...84577","MiamiBeach","10","2020-07-17","Fecal_Coliforms",45,"CFU/100 mL",NA,NA,NA
"268","...84578","MiamiBeach","11","2020-07-17","Fecal_Coliforms",36,"CFU/100 mL",NA,NA,NA
"269","...84579","MiamiBeach","12","2020-07-17","Fecal_Coliforms",142,"CFU/100 mL",NA,NA,NA
"270","...84580","MiamiBeach","13","2020-07-17","Fecal_Coliforms",22,"CFU/100 mL",NA,NA,NA
"271","...84581","MiamiBeach","14","2020-07-17","Fecal_Coliforms",NA,"CFU/100 mL",NA,NA,NA
"272","...84582","MiamiBeach","15","2020-07-17","Fecal_Coliforms",2,"CFU/100 mL",NA,NA,NA
"273","...84583","MiamiBeach","16","2020-07-17","Fecal_Coliforms",4,"CFU/100 mL",NA,NA,NA
"274","...84584","MiamiBeach","17","2020-07-17","Fecal_Coliforms",8,"CFU/100 mL",NA,NA,NA
"275","...84585","MiamiBeach","18","2020-07-17","Fecal_Coliforms",9,"CFU/100 mL",NA,NA,NA
"276","...84586","MiamiBeach","19","2020-07-17","Fecal_Coliforms",5,"CFU/100 mL",NA,NA,NA
"277","...84587","MiamiBeach","20","2020-07-17","Fecal_Coliforms",2,"CFU/100 mL",NA,NA,NA
"278","...84588","MiamiBeach","21","2020-07-17","Fecal_Coliforms",3,"CFU/100 mL",NA,NA,NA
"279","...84589","MiamiBeach","22","2020-07-17","Fecal_Coliforms",2,"CFU/100 mL",NA,NA,NA
"280","...84590","MiamiBeach","23","2020-07-17","Fecal_Coliforms",NA,"CFU/100 mL",NA,NA,NA
"281","...84591","MiamiBeach","24","2020-07-17","Fecal_Coliforms",1,"CFU/100 mL",NA,NA,NA
"282","...84592","MiamiBeach","25","2020-07-17","Fecal_Coliforms",10,"CFU/100 mL",NA,NA,NA
"283","...84879","MiamiBeach","26","2020-07-18","Fecal_Coliforms",5,"CFU/100 mL",NA,NA,NA
"284","...84880","MiamiBeach","27","2020-07-18","Fecal_Coliforms",NA,"CFU/100 mL",NA,NA,NA
"285","...84881","MiamiBeach","28","2020-07-18","Fecal_Coliforms",30,"CFU/100 mL",NA,NA,NA
"286","...84882","MiamiBeach","32","2020-07-18","Fecal_Coliforms",4,"CFU/100 mL",NA,NA,NA
"287","...84883","MiamiBeach","33","2020-07-18","Fecal_Coliforms",2,"CFU/100 mL",NA,NA,NA
"288","...84884","MiamiBeach","29","2020-07-18","Fecal_Coliforms",NA,"CFU/100 mL",NA,NA,NA
"289","...84885","MiamiBeach","30","2020-07-18","Fecal_Coliforms",52,"CFU/100 mL",NA,NA,NA
"290","...84886","MiamiBeach","31","2020-07-18","Fecal_Coliforms",1,"CFU/100 mL",NA,NA,NA
"291","...84887","MiamiBeach","34","2020-07-18","Fecal_Coliforms",NA,"CFU/100 mL",NA,NA,NA
"292","...84888","MiamiBeach","41","2020-07-18","Fecal_Coliforms",18,"CFU/100 mL",NA,NA,NA
"293","...84889","MiamiBeach","40","2020-07-18","Fecal_Coliforms",42,"CFU/100 mL",NA,NA,NA
"294","...84890","MiamiBeach","39","2020-07-18","Fecal_Coliforms",39,"CFU/100 mL",NA,NA,NA
"295","...84891","MiamiBeach","38","2020-07-18","Fecal_Coliforms",41,"CFU/100 mL",NA,NA,NA
"296","...84892","MiamiBeach","37","2020-07-18","Fecal_Coliforms",22,"CFU/100 mL",NA,NA,NA
"297","...84893","MiamiBeach","36","2020-07-18","Fecal_Coliforms",120,"CFU/100 mL",NA,NA,NA
"298","...84894","MiamiBeach","35","2020-07-18","Fecal_Coliforms",134,"CFU/100 mL",NA,NA,NA
"299","...85082","MiamiBeach","1","2020-08-15","Fecal_Coliforms",26,"CFU/100 mL",NA,NA,NA
"300","...85083","MiamiBeach","2","2020-08-15","Fecal_Coliforms",30,"CFU/100 mL",NA,NA,NA
"301","...85084","MiamiBeach","3B","2020-08-15","Fecal_Coliforms",1,"CFU/100 mL",NA,NA,NA
"302","...85085","MiamiBeach","3","2020-08-15","Fecal_Coliforms",6,"CFU/100 mL",NA,NA,NA
"303","...85086","MiamiBeach","3A","2020-08-15","Fecal_Coliforms",20,"CFU/100 mL",NA,NA,NA
"304","...85087","MiamiBeach","4","2020-08-15","Fecal_Coliforms",2,"CFU/100 mL",NA,NA,NA
"305","...85088","MiamiBeach","5","2020-08-15","Fecal_Coliforms",25,"CFU/100 mL",NA,NA,NA
"306","...85089","MiamiBeach","6","2020-08-15","Fecal_Coliforms",5,"CFU/100 mL",NA,NA,NA
"307","...85090","MiamiBeach","7","2020-08-15","Fecal_Coliforms",1,"CFU/100 mL",NA,NA,NA
"308","...85091","MiamiBeach","8","2020-08-15","Fecal_Coliforms",8,"CFU/100 mL",NA,NA,NA
"309","...85092","MiamiBeach","9","2020-08-15","Fecal_Coliforms",NA,"CFU/100 mL",NA,NA,NA
"310","...85093","MiamiBeach","10","2020-08-15","Fecal_Coliforms",2,"CFU/100 mL",NA,NA,NA
"311","...85094","MiamiBeach","11","2020-08-15","Fecal_Coliforms",3,"CFU/100 mL",NA,NA,NA
"312","...85095","MiamiBeach","12","2020-08-15","Fecal_Coliforms",125,"CFU/100 mL",NA,NA,NA
"313","...85096","MiamiBeach","13","2020-08-15","Fecal_Coliforms",2,"CFU/100 mL",NA,NA,NA
"314","...85097","MiamiBeach","14","2020-08-15","Fecal_Coliforms",4,"CFU/100 mL",NA,NA,NA
"315","...85098","MiamiBeach","15","2020-08-15","Fecal_Coliforms",NA,"CFU/100 mL",NA,NA,NA
"316","...85099","MiamiBeach","16","2020-08-15","Fecal_Coliforms",2,"CFU/100 mL",NA,NA,NA
"317","...85100","MiamiBeach","17","2020-08-15","Fecal_Coliforms",1,"CFU/100 mL",NA,NA,NA
"318","...85101","MiamiBeach","18","2020-08-15","Fecal_Coliforms",1,"CFU/100 mL",NA,NA,NA
"319","...85102","MiamiBeach","19","2020-08-15","Fecal_Coliforms",5,"CFU/100 mL",NA,NA,NA
"320","...85103","MiamiBeach","20","2020-08-15","Fecal_Coliforms",3,"CFU/100 mL",NA,NA,NA
"321","...85104","MiamiBeach","21","2020-08-15","Fecal_Coliforms",2,"CFU/100 mL",NA,NA,NA
"322","...85105","MiamiBeach","22","2020-08-15","Fecal_Coliforms",5,"CFU/100 mL",NA,NA,NA
"323","...85106","MiamiBeach","23","2020-08-15","Fecal_Coliforms",5,"CFU/100 mL",NA,NA,NA
"324","...85107","MiamiBeach","24","2020-08-15","Fecal_Coliforms",4,"CFU/100 mL",NA,NA,NA
"325","...85108","MiamiBeach","25","2020-08-15","Fecal_Coliforms",NA,"CFU/100 mL",NA,NA,NA
"326","...85395","MiamiBeach","26","2020-08-16","Fecal_Coliforms",6,"CFU/100 mL",NA,NA,NA
"327","...85396","MiamiBeach","27","2020-08-16","Fecal_Coliforms",2,"CFU/100 mL",NA,NA,NA
"328","...85397","MiamiBeach","28","2020-08-16","Fecal_Coliforms",1,"CFU/100 mL",NA,NA,NA
"329","...85398","MiamiBeach","33","2020-08-16","Fecal_Coliforms",11,"CFU/100 mL",NA,NA,NA
"330","...85399","MiamiBeach","32","2020-08-16","Fecal_Coliforms",60,"CFU/100 mL",NA,NA,NA
"331","...85400","MiamiBeach","29","2020-08-16","Fecal_Coliforms",19,"CFU/100 mL",NA,NA,NA
"332","...85401","MiamiBeach","30","2020-08-16","Fecal_Coliforms",12,"CFU/100 mL",NA,NA,NA
"333","...85402","MiamiBeach","31","2020-08-16","Fecal_Coliforms",6,"CFU/100 mL",NA,NA,NA
"334","...85403","MiamiBeach","34","2020-08-16","Fecal_Coliforms",8,"CFU/100 mL",NA,NA,NA
"335","...85404","MiamiBeach","41","2020-08-16","Fecal_Coliforms",166,"CFU/100 mL",NA,NA,NA
"336","...85405","MiamiBeach","40","2020-08-16","Fecal_Coliforms",110,"CFU/100 mL",NA,NA,NA
"337","...85406","MiamiBeach","39","2020-08-16","Fecal_Coliforms",85,"CFU/100 mL",NA,NA,NA
"338","...85407","MiamiBeach","38","2020-08-16","Fecal_Coliforms",117,"CFU/100 mL",NA,NA,NA
"339","...85408","MiamiBeach","37","2020-08-16","Fecal_Coliforms",NA,"CFU/100 mL",NA,NA,NA
"340","...85409","MiamiBeach","36","2020-08-16","Fecal_Coliforms",60,"CFU/100 mL",NA,NA,NA
"341","...85410","MiamiBeach","35","2020-08-16","Fecal_Coliforms",105,"CFU/100 mL",NA,NA,NA
"342","...85597","MiamiBeach","1","2020-09-18","Fecal_Coliforms",88,"CFU/100 mL",NA,NA,NA
"343","...85598","MiamiBeach","2","2020-09-18","Fecal_Coliforms",18,"CFU/100 mL",NA,NA,NA
"344","...85599","MiamiBeach","3","2020-09-18","Fecal_Coliforms",22,"CFU/100 mL",NA,NA,NA
"345","...85600","MiamiBeach","3A","2020-09-18","Fecal_Coliforms",NA,"CFU/100 mL",NA,NA,NA
"346","...85601","MiamiBeach","3B","2020-09-18","Fecal_Coliforms",32,"CFU/100 mL",NA,NA,NA
"347","...85602","MiamiBeach","4","2020-09-18","Fecal_Coliforms",80,"CFU/100 mL",NA,NA,NA
"348","...85603","MiamiBeach","5","2020-09-18","Fecal_Coliforms",36,"CFU/100 mL",NA,NA,NA
"349","...85604","MiamiBeach","6","2020-09-18","Fecal_Coliforms",57,"CFU/100 mL",NA,NA,NA
"350","...85605","MiamiBeach","7","2020-09-18","Fecal_Coliforms",36,"CFU/100 mL",NA,NA,NA
"351","...85606","MiamiBeach","8","2020-09-18","Fecal_Coliforms",NA,"CFU/100 mL",NA,NA,NA
"352","...85607","MiamiBeach","9","2020-09-18","Fecal_Coliforms",NA,"CFU/100 mL",NA,NA,NA
"353","...85608","MiamiBeach","10","2020-09-18","Fecal_Coliforms",NA,"CFU/100 mL",NA,NA,NA
"354","...85609","MiamiBeach","11","2020-09-18","Fecal_Coliforms",60,"CFU/100 mL",NA,NA,NA
"355","...85610","MiamiBeach","13","2020-09-18","Fecal_Coliforms",12,"CFU/100 mL",NA,NA,NA
"356","...85611","MiamiBeach","14","2020-09-18","Fecal_Coliforms",NA,"CFU/100 mL",NA,NA,NA
"357","...85612","MiamiBeach","15","2020-09-18","Fecal_Coliforms",NA,"CFU/100 mL",NA,NA,NA
"358","...85613","MiamiBeach","16","2020-09-18","Fecal_Coliforms",NA,"CFU/100 mL",NA,NA,NA
"359","...85614","MiamiBeach","17","2020-09-18","Fecal_Coliforms",NA,"CFU/100 mL",NA,NA,NA
"360","...85615","MiamiBeach","18","2020-09-18","Fecal_Coliforms",NA,"CFU/100 mL",NA,NA,NA
"361","...85616","MiamiBeach","19","2020-09-18","Fecal_Coliforms",NA,"CFU/100 mL",NA,NA,NA
"362","...85617","MiamiBeach","20","2020-09-18","Fecal_Coliforms",19,"CFU/100 mL",NA,NA,NA
"363","...85618","MiamiBeach","21","2020-09-18","Fecal_Coliforms",NA,"CFU/100 mL",NA,NA,NA
"364","...85619","MiamiBeach","22","2020-09-18","Fecal_Coliforms",45,"CFU/100 mL",NA,NA,NA
"365","...85620","MiamiBeach","23","2020-09-18","Fecal_Coliforms",15,"CFU/100 mL",NA,NA,NA
"366","...85621","MiamiBeach","24","2020-09-18","Fecal_Coliforms",20,"CFU/100 mL",NA,NA,NA
"367","...85622","MiamiBeach","25","2020-09-18","Fecal_Coliforms",6,"CFU/100 mL",NA,NA,NA
"368","...85900","MiamiBeach","26","2020-09-19","Fecal_Coliforms",17,"CFU/100 mL",NA,NA,NA
"369","...85901","MiamiBeach","27","2020-09-19","Fecal_Coliforms",7,"CFU/100 mL",NA,NA,NA
"370","...85902","MiamiBeach","28","2020-09-19","Fecal_Coliforms",48,"CFU/100 mL",NA,NA,NA
"371","...85903","MiamiBeach","32","2020-09-19","Fecal_Coliforms",76,"CFU/100 mL",NA,NA,NA
"372","...85904","MiamiBeach","33","2020-09-19","Fecal_Coliforms",40,"CFU/100 mL",NA,NA,NA
"373","...85905","MiamiBeach","29","2020-09-19","Fecal_Coliforms",7,"CFU/100 mL",NA,NA,NA
"374","...85906","MiamiBeach","30","2020-09-19","Fecal_Coliforms",60,"CFU/100 mL",NA,NA,NA
"375","...85907","MiamiBeach","31","2020-09-19","Fecal_Coliforms",3,"CFU/100 mL",NA,NA,NA
"376","...85908","MiamiBeach","34","2020-09-19","Fecal_Coliforms",2,"CFU/100 mL",NA,NA,NA
"377","...85909","MiamiBeach","41","2020-09-19","Fecal_Coliforms",NA,"CFU/100 mL",NA,NA,NA
"378","...85910","MiamiBeach","40","2020-09-19","Fecal_Coliforms",64,"CFU/100 mL",NA,NA,NA
"379","...85911","MiamiBeach","39","2020-09-19","Fecal_Coliforms",22,"CFU/100 mL",NA,NA,NA
"380","...85912","MiamiBeach","38","2020-09-19","Fecal_Coliforms",42,"CFU/100 mL",NA,NA,NA
"381","...85913","MiamiBeach","37","2020-09-19","Fecal_Coliforms",120,"CFU/100 mL",NA,NA,NA
"382","...85914","MiamiBeach","36","2020-09-19","Fecal_Coliforms",NA,"CFU/100 mL",NA,NA,NA
"383","...85915","MiamiBeach","35","2020-09-19","Fecal_Coliforms",5,"CFU/100 mL",NA,NA,NA
"384","...85916","MiamiBeach","12","2020-09-19","Fecal_Coliforms",485,"CFU/100 mL",NA,NA,NA
"385","...86114","MiamiBeach","1","2020-10-22","Fecal_Coliforms",NA,"CFU/100 mL",NA,NA,NA
"386","...86115","MiamiBeach","2","2020-10-22","Fecal_Coliforms",3,"CFU/100 mL",NA,NA,NA
"387","...86116","MiamiBeach","3B","2020-10-22","Fecal_Coliforms",60,"CFU/100 mL",NA,NA,NA
"388","...86117","MiamiBeach","3","2020-10-22","Fecal_Coliforms",60,"CFU/100 mL",NA,NA,NA
"389","...86118","MiamiBeach","3A","2020-10-22","Fecal_Coliforms",NA,"CFU/100 mL",NA,NA,NA
"390","...86119","MiamiBeach","4","2020-10-22","Fecal_Coliforms",72,"CFU/100 mL",NA,NA,NA
"391","...86120","MiamiBeach","5","2020-10-22","Fecal_Coliforms",13,"CFU/100 mL",NA,NA,NA
"392","...86121","MiamiBeach","6","2020-10-22","Fecal_Coliforms",11,"CFU/100 mL",NA,NA,NA
"393","...86122","MiamiBeach","7","2020-10-22","Fecal_Coliforms",4,"CFU/100 mL",NA,NA,NA
"394","...86123","MiamiBeach","8","2020-10-22","Fecal_Coliforms",32,"CFU/100 mL",NA,NA,NA
"395","...86124","MiamiBeach","9","2020-10-22","Fecal_Coliforms",6,"CFU/100 mL",NA,NA,NA
"396","...86125","MiamiBeach","10","2020-10-22","Fecal_Coliforms",4,"CFU/100 mL",NA,NA,NA
"397","...86126","MiamiBeach","11","2020-10-22","Fecal_Coliforms",36,"CFU/100 mL",NA,NA,NA
"398","...86127","MiamiBeach","12","2020-10-22","Fecal_Coliforms",120,"CFU/100 mL",NA,NA,NA
"399","...86128","MiamiBeach","13","2020-10-22","Fecal_Coliforms",11,"CFU/100 mL",NA,NA,NA
"400","...86129","MiamiBeach","14","2020-10-22","Fecal_Coliforms",8,"CFU/100 mL",NA,NA,NA
"401","...86130","MiamiBeach","15","2020-10-22","Fecal_Coliforms",18,"CFU/100 mL",NA,NA,NA
"402","...86131","MiamiBeach","16","2020-10-22","Fecal_Coliforms",44,"CFU/100 mL",NA,NA,NA
"403","...86132","MiamiBeach","17","2020-10-22","Fecal_Coliforms",108,"CFU/100 mL",NA,NA,NA
"404","...86133","MiamiBeach","18","2020-10-22","Fecal_Coliforms",NA,"CFU/100 mL",NA,NA,NA
"405","...86134","MiamiBeach","19","2020-10-22","Fecal_Coliforms",NA,"CFU/100 mL",NA,NA,NA
"406","...86135","MiamiBeach","20","2020-10-22","Fecal_Coliforms",NA,"CFU/100 mL",NA,NA,NA
"407","...86136","MiamiBeach","21","2020-10-22","Fecal_Coliforms",14,"CFU/100 mL",NA,NA,NA
"408","...86137","MiamiBeach","22","2020-10-22","Fecal_Coliforms",5,"CFU/100 mL",NA,NA,NA
"409","...86138","MiamiBeach","23","2020-10-22","Fecal_Coliforms",135,"CFU/100 mL",NA,NA,NA
"410","...86139","MiamiBeach","24","2020-10-22","Fecal_Coliforms",60,"CFU/100 mL",NA,NA,NA
"411","...86140","MiamiBeach","25","2020-10-22","Fecal_Coliforms",26,"CFU/100 mL",NA,NA,NA
"412","...86427","MiamiBeach","26","2020-10-23","Fecal_Coliforms",15,"CFU/100 mL",NA,NA,NA
"413","...86428","MiamiBeach","27","2020-10-23","Fecal_Coliforms",6,"CFU/100 mL",NA,NA,NA
"414","...86429","MiamiBeach","28","2020-10-23","Fecal_Coliforms",4,"CFU/100 mL",NA,NA,NA
"415","...86430","MiamiBeach","32","2020-10-23","Fecal_Coliforms",5,"CFU/100 mL",NA,NA,NA
"416","...86431","MiamiBeach","33","2020-10-23","Fecal_Coliforms",8,"CFU/100 mL",NA,NA,NA
"417","...86432","MiamiBeach","29","2020-10-23","Fecal_Coliforms",5,"CFU/100 mL",NA,NA,NA
"418","...86433","MiamiBeach","30","2020-10-23","Fecal_Coliforms",2,"CFU/100 mL",NA,NA,NA
"419","...86434","MiamiBeach","31","2020-10-23","Fecal_Coliforms",1,"CFU/100 mL",NA,NA,NA
"420","...86435","MiamiBeach","34","2020-10-23","Fecal_Coliforms",4,"CFU/100 mL",NA,NA,NA
"421","...86436","MiamiBeach","41","2020-10-23","Fecal_Coliforms",24,"CFU/100 mL",NA,NA,NA
"422","...86437","MiamiBeach","40","2020-10-23","Fecal_Coliforms",4,"CFU/100 mL",NA,NA,NA
"423","...86438","MiamiBeach","39","2020-10-23","Fecal_Coliforms",15,"CFU/100 mL",NA,NA,NA
"424","...86439","MiamiBeach","38","2020-10-23","Fecal_Coliforms",20,"CFU/100 mL",NA,NA,NA
"425","...86440","MiamiBeach","37","2020-10-23","Fecal_Coliforms",240,"CFU/100 mL",NA,NA,NA
"426","...86441","MiamiBeach","36","2020-10-23","Fecal_Coliforms",52,"CFU/100 mL",NA,NA,NA
"427","...86442","MiamiBeach","35","2020-10-23","Fecal_Coliforms",26,"CFU/100 mL",NA,NA,NA
"428","...86620","MiamiBeach","26","2020-11-19","Fecal_Coliforms",3,"CFU/100 mL",NA,NA,NA
"429","...86621","MiamiBeach","27","2020-11-19","Fecal_Coliforms",2,"CFU/100 mL",NA,NA,NA
"430","...86622","MiamiBeach","28","2020-11-19","Fecal_Coliforms",3,"CFU/100 mL",NA,NA,NA
"431","...86623","MiamiBeach","32","2020-11-19","Fecal_Coliforms",2,"CFU/100 mL",NA,NA,NA
"432","...86624","MiamiBeach","33","2020-11-19","Fecal_Coliforms",56,"CFU/100 mL",NA,NA,NA
"433","...86625","MiamiBeach","29","2020-11-19","Fecal_Coliforms",2,"CFU/100 mL",NA,NA,NA
"434","...86626","MiamiBeach","30","2020-11-19","Fecal_Coliforms",1,"CFU/100 mL",NA,NA,NA
"435","...86627","MiamiBeach","31","2020-11-19","Fecal_Coliforms",60,"CFU/100 mL",NA,NA,NA
"436","...86628","MiamiBeach","34","2020-11-19","Fecal_Coliforms",1,"CFU/100 mL",NA,NA,NA
"437","...86629","MiamiBeach","41","2020-11-19","Fecal_Coliforms",NA,"CFU/100 mL",NA,NA,NA
"438","...86630","MiamiBeach","40","2020-11-19","Fecal_Coliforms",45,"CFU/100 mL",NA,NA,NA
"439","...86631","MiamiBeach","39","2020-11-19","Fecal_Coliforms",24,"CFU/100 mL",NA,NA,NA
"440","...86632","MiamiBeach","38","2020-11-19","Fecal_Coliforms",13,"CFU/100 mL",NA,NA,NA
"441","...86633","MiamiBeach","37","2020-11-19","Fecal_Coliforms",265,"CFU/100 mL",NA,NA,NA
"442","...86634","MiamiBeach","36","2020-11-19","Fecal_Coliforms",114,"CFU/100 mL",NA,NA,NA
"443","...86635","MiamiBeach","35","2020-11-19","Fecal_Coliforms",3,"CFU/100 mL",NA,NA,NA
"444","...86636","MiamiBeach","25","2020-11-19","Fecal_Coliforms",3,"CFU/100 mL",NA,NA,NA
"445","...86831","MiamiBeach","1","2020-11-20","Fecal_Coliforms",1,"CFU/100 mL",NA,NA,NA
"446","...86832","MiamiBeach","2","2020-11-20","Fecal_Coliforms",5,"CFU/100 mL",NA,NA,NA
"447","...86833","MiamiBeach","3","2020-11-20","Fecal_Coliforms",2,"CFU/100 mL",NA,NA,NA
"448","...86834","MiamiBeach","4","2020-11-20","Fecal_Coliforms",1,"CFU/100 mL",NA,NA,NA
"449","...86835","MiamiBeach","5","2020-11-20","Fecal_Coliforms",9,"CFU/100 mL",NA,NA,NA
"450","...86836","MiamiBeach","6","2020-11-20","Fecal_Coliforms",6,"CFU/100 mL",NA,NA,NA
"451","...86837","MiamiBeach","7","2020-11-20","Fecal_Coliforms",1,"CFU/100 mL",NA,NA,NA
"452","...86838","MiamiBeach","8","2020-11-20","Fecal_Coliforms",2,"CFU/100 mL",NA,NA,NA
"453","...86839","MiamiBeach","9","2020-11-20","Fecal_Coliforms",NA,"CFU/100 mL",NA,NA,NA
"454","...86840","MiamiBeach","10","2020-11-20","Fecal_Coliforms",NA,"CFU/100 mL",NA,NA,NA
"455","...86841","MiamiBeach","11","2020-11-20","Fecal_Coliforms",37,"CFU/100 mL",NA,NA,NA
"456","...86842","MiamiBeach","12","2020-11-20","Fecal_Coliforms",70,"CFU/100 mL",NA,NA,NA
"457","...86843","MiamiBeach","13","2020-11-20","Fecal_Coliforms",NA,"CFU/100 mL",NA,NA,NA
"458","...86844","MiamiBeach","14","2020-11-20","Fecal_Coliforms",10,"CFU/100 mL",NA,NA,NA
"459","...86845","MiamiBeach","15","2020-11-20","Fecal_Coliforms",2,"CFU/100 mL",NA,NA,NA
"460","...86846","MiamiBeach","16","2020-11-20","Fecal_Coliforms",24,"CFU/100 mL",NA,NA,NA
"461","...86847","MiamiBeach","17","2020-11-20","Fecal_Coliforms",86,"CFU/100 mL",NA,NA,NA
"462","...86848","MiamiBeach","18","2020-11-20","Fecal_Coliforms",32,"CFU/100 mL",NA,NA,NA
"463","...86849","MiamiBeach","19","2020-11-20","Fecal_Coliforms",32,"CFU/100 mL",NA,NA,NA
"464","...86850","MiamiBeach","20","2020-11-20","Fecal_Coliforms",4,"CFU/100 mL",NA,NA,NA
"465","...86851","MiamiBeach","21","2020-11-20","Fecal_Coliforms",6,"CFU/100 mL",NA,NA,NA
"466","...86852","MiamiBeach","22","2020-11-20","Fecal_Coliforms",1,"CFU/100 mL",NA,NA,NA
"467","...86853","MiamiBeach","23","2020-11-20","Fecal_Coliforms",4,"CFU/100 mL",NA,NA,NA
"468","...86854","MiamiBeach","24","2020-11-20","Fecal_Coliforms",1,"CFU/100 mL",NA,NA,NA
"469","...87121","MiamiBeach","#1","2020-12-30","Fecal_Coliforms",7,"CFU/100 mL",NA,NA,NA
"470","...87122","MiamiBeach","#2","2020-12-30","Fecal_Coliforms",12,"CFU/100 mL",NA,NA,NA
"471","...87123","MiamiBeach","#3B","2020-12-30","Fecal_Coliforms",302,"CFU/100 mL",NA,NA,NA
"472","...87124","MiamiBeach","#3","2020-12-30","Fecal_Coliforms",5,"CFU/100 mL",NA,NA,NA
"473","...87125","MiamiBeach","#3A","2020-12-30","Fecal_Coliforms",70,"CFU/100 mL",NA,NA,NA
"474","...87126","MiamiBeach","#4","2020-12-30","Fecal_Coliforms",1,"CFU/100 mL",NA,NA,NA
"475","...87127","MiamiBeach","#5","2020-12-30","Fecal_Coliforms",11,"CFU/100 mL",NA,NA,NA
"476","...87128","MiamiBeach","#6","2020-12-30","Fecal_Coliforms",110,"CFU/100 mL",NA,NA,NA
"477","...87129","MiamiBeach","#7","2020-12-30","Fecal_Coliforms",8,"CFU/100 mL",NA,NA,NA
"478","...87130","MiamiBeach","#8","2020-12-30","Fecal_Coliforms",19,"CFU/100 mL",NA,NA,NA
"479","...87131","MiamiBeach","#9","2020-12-30","Fecal_Coliforms",10,"CFU/100 mL",NA,NA,NA
"480","...87132","MiamiBeach","#10","2020-12-30","Fecal_Coliforms",1,"CFU/100 mL",NA,NA,NA
"481","...87133","MiamiBeach","#11","2020-12-30","Fecal_Coliforms",49,"CFU/100 mL",NA,NA,NA
"482","...87134","MiamiBeach","#12","2020-12-30","Fecal_Coliforms",120,"CFU/100 mL",NA,NA,NA
"483","...87135","MiamiBeach","#13","2020-12-30","Fecal_Coliforms",6,"CFU/100 mL",NA,NA,NA
"484","...87136","MiamiBeach","#14","2020-12-30","Fecal_Coliforms",31,"CFU/100 mL",NA,NA,NA
"485","...87137","MiamiBeach","#15","2020-12-30","Fecal_Coliforms",3,"CFU/100 mL",NA,NA,NA
"486","...87138","MiamiBeach","#16","2020-12-30","Fecal_Coliforms",32,"CFU/100 mL",NA,NA,NA
"487","...87139","MiamiBeach","#17","2020-12-30","Fecal_Coliforms",32,"CFU/100 mL",NA,NA,NA
"488","...87140","MiamiBeach","#18","2020-12-30","Fecal_Coliforms",60,"CFU/100 mL",NA,NA,NA
"489","...87141","MiamiBeach","#19","2020-12-30","Fecal_Coliforms",16,"CFU/100 mL",NA,NA,NA
"490","...87142","MiamiBeach","#20","2020-12-30","Fecal_Coliforms",9,"CFU/100 mL",NA,NA,NA
"491","...87143","MiamiBeach","#21","2020-12-30","Fecal_Coliforms",5,"CFU/100 mL",NA,NA,NA
"492","...87144","MiamiBeach","#22","2020-12-30","Fecal_Coliforms",3,"CFU/100 mL",NA,NA,NA
"493","...87145","MiamiBeach","#23","2020-12-30","Fecal_Coliforms",18,"CFU/100 mL",NA,NA,NA
"494","...87146","MiamiBeach","#24","2020-12-30","Fecal_Coliforms",2,"CFU/100 mL",NA,NA,NA
