"","source","site","slope","n_values","mean","min","max","coefficient.of.variation","significant_slope","pvalue"
"1","BBAP","BB14",NA,59,8.19932203389831,3.31,10.67,0.171180226706292,NA,NA
"2","BBAP","BH22",NA,43,7.56348837209302,4.49,9.82,0.170894811553516,NA,NA
"3","BBAP","CWA2",NA,38,5.53710526315789,2.63,9.04,0.335534051316931,NA,NA
"4","BBAP","CWA4",NA,3,6.42333333333333,6.04,6.91,0.0691400512843855,NA,NA
"5","BBAP","CWA5",NA,14,6.58142857142857,5.34,7.93,0.125484737986811,NA,NA
"6","BBAP","DM00",NA,4,6.025,0.24,9.33,0.660245124105091,NA,NA
"7","BBAP","DM08",NA,65,6.88,0.84,9.58,0.215465863416293,NA,NA
"8","BBAP","DM28",NA,1,6.54,6.54,6.54,NA,NA,NA
"9","BBAP","FK01",NA,1,2.09,2.09,2.09,NA,NA,NA
"10","BBAP","JFK03",NA,52,8.34519230769231,4.51,12.69,0.203051774404887,NA,NA
"11","BBAP","JT29",NA,1,7.35,7.35,7.35,NA,NA,NA
"12","BBAP","JT61",NA,34,6.43205882352941,0.23,7.94,0.205225851023555,NA,NA
"13","BBAP","JT66",NA,55,7.72363636363636,3.3,9.72,0.167982998025611,NA,NA
"14","BBAP","JT71",NA,56,8.16767857142857,3.94,10.68,0.17273086694686,NA,NA
"15","BBAP","LR03",NA,67,3.66298507462687,0.89,6.79,0.358797894611278,NA,NA
"16","BBAP","LR05",NA,2,1.895,1.67,2.12,0.167914539068046,NA,NA
"17","BBAP","LR06",NA,2,1.56,1.43,1.69,0.117851130197758,NA,NA
"18","BBAP","LRNSP",NA,1,0.19,0.19,0.19,NA,NA,NA
"19","BBAP","LRSC",NA,1,3.52,3.52,3.52,NA,NA,NA
"20","BBAP","LRSP",NA,2,0.39,0.32,0.46,0.253833203502863,NA,NA
"21","BBAP","LRUP",NA,2,2.845,1.7,3.99,0.569165036526254,NA,NA
"22","BBAP","MRDC",NA,1,3.59,3.59,3.59,NA,NA,NA
"23","BBAP","MRDW",NA,1,5.05,5.05,5.05,NA,NA,NA
"24","BBAP","MRMO",NA,1,7.16,7.16,7.16,NA,NA,NA
"25","BBAP","MRRB",NA,8,6.385,5.32,7.73,0.130813097036574,NA,NA
"26","BBAP","MRSC",NA,39,4.19897435897436,0.79,10.06,0.466053859990504,NA,NA
"27","BBAP","RB1A",NA,22,6.98454545454545,4.58,9.07,0.184144189492626,NA,NA
"28","BBAP","VR01",NA,54,7.60833333333333,3.63,10.38,0.176549245095911,NA,NA
"29","BBAP","VR11",NA,31,6.52645161290323,5.1,7.71,0.09866437973992,NA,NA
"30","BBAP","VS01",NA,2,6.595,6.3,6.89,0.0632589842153242,NA,NA
"31","BBAP","WQ01",NA,3,7.59,6.73,9.2,0.183845224171651,NA,NA
"32","BBAP","WQ02",NA,2,7.53,7.16,7.9,0.0694899094393154,NA,NA
"33","BBAP","WQ04",NA,3,6.22,5.86,6.56,0.0563389564885377,NA,NA
"34","BBWW","AN01",0.488333333333333,26,5.07980769230769,1.1,6.995,0.316395632907122,0.488333333333333,0.0477331952013918
"35","BBWW","AN02",0.109999999999999,25,3.7284,0.3,6.4,0.417694973657061,NA,1
"36","BBWW","AN03",0.875,24,3.87629166666667,0.45,7.35,0.433225740243308,NA,0.176067498811742
"37","BBWW","BB15",-1.215,16,4.7184375,1.9,7,0.301461236118379,NA,0.0619696199140387
"38","BBWW","BB16",-0.108333333333333,12,4.10416666666667,2.7,5,0.166916756809856,NA,0.71192315069219
"39","BBWW","BB27",-0.45,17,3.46705882352941,0.54,7.6,0.615696729247837,NA,1
"40","BBWW","BB32",0.2,19,5.4921052631579,4.2,7.3,0.162439691101896,NA,1
"41","BBWW","BB36",0.466666666666667,12,5.67083333333333,3.95,7.05,0.163075635094505,NA,0.734095182319476
"42","BBWW","BB54",-1.8,15,2.94666666666667,0.7,6.1,0.650653407601957,NA,1
"43","BBWW","BB56",0.316666666666667,31,5.09112903225806,2.55,6.55,0.166670613947395,NA,0.118349812735628
"44","BBWW","FLAB02",0.158333333333333,28,5.1,3.6,6.3,0.10460919925424,NA,0.107873160462563
"45","BROWARD","1",NA,31,4.9141935483871,3.88,6.19,0.122514887438521,NA,NA
"46","BROWARD","10",NA,31,5.31548387096774,1.59,6.53,0.173619517543375,NA,NA
"47","BROWARD","11",NA,58,5.09379310344828,2.08,9.9,0.3000007324378,NA,NA
"48","BROWARD","110",NA,31,5.06516129032258,2.35,8.23,0.322331323441835,NA,NA
"49","BROWARD","111",NA,31,4.64193548387097,3,5.93,0.172247107354493,NA,NA
"50","BROWARD","112",NA,30,4.70266666666667,2.88,5.95,0.172433994849229,NA,NA
"51","BROWARD","12",NA,31,5.57129032258065,3.22,8.5,0.250781670286215,NA,NA
"52","BROWARD","120",NA,31,5.07064516129032,3.82,9.49,0.258942702955223,NA,NA
"53","BROWARD","121",NA,58,6.74344827586207,3.9,9.22,0.179534674017665,NA,NA
"54","BROWARD","122",NA,45,4.45644444444444,1.19,7.95,0.462665704057765,NA,NA
"55","BROWARD","123",NA,28,5.365,2.17,7.73,0.263055314904788,NA,NA
"56","BROWARD","124",NA,58,3.41465517241379,1.26,6.7,0.466410901162258,NA,NA
"57","BROWARD","125",NA,29,5.97310344827586,2.08,7.19,0.164352338552717,NA,NA
"58","BROWARD","128",NA,24,3.78708333333333,2.05,6.06,0.297354720001784,NA,NA
"59","BROWARD","129",NA,24,4.82,2.8,7.69,0.267224427167423,NA,NA
"60","BROWARD","14",NA,31,4.57,1.7,7.66,0.332067497069911,NA,NA
"61","BROWARD","15",NA,45,5.03311111111111,3.02,6.72,0.17365475340613,NA,NA
"62","BROWARD","16",NA,29,4.73172413793103,2.62,8.37,0.29676350723718,NA,NA
"63","BROWARD","17",NA,24,4.63541666666667,1.73,7.49,0.351206580005159,NA,NA
"64","BROWARD","19",NA,46,4.64108695652174,2.81,6.62,0.207436415374667,NA,NA
"65","BROWARD","2",NA,31,5.35741935483871,2.63,8.43,0.290091279709071,NA,NA
"66","BROWARD","20",NA,44,4.92818181818182,2.25,8.6,0.31787684984405,NA,NA
"67","BROWARD","22",NA,31,3.20967741935484,0.9,7.56,0.508382687462764,NA,NA
"68","BROWARD","23",NA,56,3.41,0.38,6.75,0.491880900265932,NA,NA
"69","BROWARD","24",NA,31,4.60838709677419,2.4,6.01,0.193342278120748,NA,NA
"70","BROWARD","25",NA,31,4.40290322580645,2.4,7.09,0.233810235909978,NA,NA
"71","BROWARD","26",NA,31,4.13709677419355,2.09,6.11,0.277461620155081,NA,NA
"72","BROWARD","28",NA,31,3.64709677419355,0.69,7.11,0.482878900301222,NA,NA
"73","BROWARD","29",NA,31,2.0558064516129,0.46,4.38,0.572537696165524,NA,NA
"74","BROWARD","3",NA,31,4.04870967741935,2.03,8.07,0.36191560015499,NA,NA
"75","BROWARD","31",NA,31,3.25129032258065,0.76,7.53,0.495994644737993,NA,NA
"76","BROWARD","32",NA,31,2.59483870967742,0.61,5.98,0.589846816244869,NA,NA
"77","BROWARD","33",NA,31,5.40967741935484,3.7,6.64,0.114457744864322,NA,NA
"78","BROWARD","34",NA,31,6.24161290322581,2.88,7.13,0.125121722812881,NA,NA
"79","BROWARD","35",NA,58,5.85844827586207,3.01,7.09,0.143756092310755,NA,NA
"80","BROWARD","36",NA,31,5.87161290322581,2.98,8.28,0.170119586291668,NA,NA
"81","BROWARD","37",NA,31,5.76032258064516,2.76,7.45,0.141088903550393,NA,NA
"82","BROWARD","38",NA,31,5.93483870967742,1.94,6.68,0.141806909633929,NA,NA
"83","BROWARD","39",NA,30,5.27933333333333,1.95,6.12,0.15940227194541,NA,NA
"84","BROWARD","4",NA,58,4.63948275862069,2.48,7.66,0.285611671831108,NA,NA
"85","BROWARD","40",NA,58,5.20344827586207,1.42,8.54,0.18381838772161,NA,NA
"86","BROWARD","41",NA,31,5.87935483870968,1.39,7.62,0.16809288996925,NA,NA
"87","BROWARD","5",NA,31,5.2258064516129,3.53,6.33,0.150234756770695,NA,NA
"88","BROWARD","6",NA,31,5.76064516129032,3.53,8.15,0.210357928922239,NA,NA
"89","BROWARD","64",NA,45,4.36133333333333,1.7,7.97,0.337700497316024,NA,NA
"90","BROWARD","7",NA,29,5.79137931034483,2.89,8.02,0.233479240600487,NA,NA
"91","BROWARD","8",NA,31,5.54806451612903,2.87,7.95,0.219244210395559,NA,NA
"92","BROWARD","89",NA,31,5.43483870967742,2.87,7.83,0.221895846084782,NA,NA
"93","DERM_BBWQ","AC01",NA,170,5.73952941176471,3.94,9.48,0.116223303659697,NA,NA
"94","DERM_BBWQ","AC02",NA,38,5.80947368421053,4.2,8.74,0.162764910713589,NA,NA
"95","DERM_BBWQ","AC03",NA,197,2.55989847715736,0.19,6.28,0.535310132750776,NA,NA
"96","DERM_BBWQ","AC06",NA,208,1.46341346153846,0.08,7.56,1.05341557313524,NA,NA
"97","DERM_BBWQ","AR03",NA,173,6.19583815028902,0.2,9.83,0.41261860932464,NA,NA
"98","DERM_BBWQ","BB01A",NA,38,5.92894736842105,4.24,7.36,0.12223685614361,NA,NA
"99","DERM_BBWQ","BB02",NA,170,6.43723529411765,4.93,8.83,0.0945134973976419,NA,NA
"100","DERM_BBWQ","BB04",NA,174,5.9701724137931,4.7,7.67,0.093076134265375,NA,NA
"101","DERM_BBWQ","BB05A",NA,208,5.47052884615385,1.67,7.42,0.218410443189926,NA,NA
"102","DERM_BBWQ","BB08",NA,161,6.51080745341615,0.77,10.39,0.201225903157863,NA,NA
"103","DERM_BBWQ","BB09",NA,174,6.66218390804598,5.4,7.95,0.0783030034596622,NA,NA
"104","DERM_BBWQ","BB10",NA,152,6.79269736842105,5.4,8.02,0.0786213563994555,NA,NA
"105","DERM_BBWQ","BB11",NA,174,6.12580459770115,2.72,8.17,0.129501017499851,NA,NA
"106","DERM_BBWQ","BB13",NA,5,4.742,3.86,5.38,0.122732299359709,NA,NA
"107","DERM_BBWQ","BB13A",NA,78,6.19551282051282,4.21,8.51,0.129744870732409,NA,NA
"108","DERM_BBWQ","BB14",NA,199,6.22462311557789,1.03,8.24,0.179157651838546,NA,NA
"109","DERM_BBWQ","BB15",NA,83,5.92710843373494,3.78,7.04,0.103413122807485,NA,NA
"110","DERM_BBWQ","BB15A",NA,153,6.24960784313726,0.23,12.55,0.258893878970627,NA,NA
"111","DERM_BBWQ","BB17",NA,176,6.03392045454545,0.18,7.4,0.143594591256358,NA,NA
"112","DERM_BBWQ","BB18",NA,152,5.93697368421053,2.37,7.43,0.114369360743598,NA,NA
"113","DERM_BBWQ","BB22",NA,174,6.03833333333333,3.61,7.36,0.106598486123165,NA,NA
"114","DERM_BBWQ","BB24",NA,174,6.24672413793103,4.09,7.22,0.0893444463665803,NA,NA
"115","DERM_BBWQ","BB25",NA,103,6.13155339805825,4.64,6.98,0.092994787440385,NA,NA
"116","DERM_BBWQ","BB26",NA,132,5.82765151515152,4.34,6.95,0.104504756681709,NA,NA
"117","DERM_BBWQ","BB28",NA,104,6.17634615384615,3.96,7.38,0.098747802302608,NA,NA
"118","DERM_BBWQ","BB31",NA,168,6.46011904761905,4.75,7.96,0.0935951439322609,NA,NA
"119","DERM_BBWQ","BB32",NA,106,6.49698113207547,5.4,7.91,0.0777942851941569,NA,NA
"120","DERM_BBWQ","BB34",NA,174,6.23431034482759,3.96,7.92,0.126421628341273,NA,NA
"121","DERM_BBWQ","BB37",NA,168,6.30511904761905,4.39,8.38,0.131335210548949,NA,NA
"122","DERM_BBWQ","BB38",NA,170,6.19452941176471,4.8,8.07,0.110992739967199,NA,NA
"123","DERM_BBWQ","BB39A",NA,175,6.62674285714286,4.65,8.74,0.120784433183932,NA,NA
"124","DERM_BBWQ","BB41",NA,174,6.48867816091954,5.05,8.4,0.0978699714196832,NA,NA
"125","DERM_BBWQ","BB47",NA,170,6.35088235294118,5.11,8.18,0.0979383767471258,NA,NA
"126","DERM_BBWQ","BB48",NA,152,6.2596052631579,4.66,7.86,0.116454331109343,NA,NA
"127","DERM_BBWQ","BB50",NA,170,6.59229411764706,5.31,8.52,0.102629217946795,NA,NA
"128","DERM_BBWQ","BB51",NA,169,6.56940828402367,5.13,8.42,0.107932236489455,NA,NA
"129","DERM_BBWQ","BB52",NA,29,6.32103448275862,1.7,7.99,0.279951162693235,NA,NA
"130","DERM_BBWQ","BB53",NA,19,6.37210526315789,5.16,9.12,0.182438043224287,NA,NA
"131","DERM_BBWQ","BBKB1",NA,106,6.67915094339623,5.14,8.15,0.0827579176033911,NA,NA
"132","DERM_BBWQ","BBMB1",NA,174,6.02712643678161,4.2,7.33,0.102856627868909,NA,NA
"133","DERM_BBWQ","BBMB2",NA,152,5.92881578947368,3.55,8.66,0.125897743891353,NA,NA
"134","DERM_BBWQ","BBMB3",NA,159,6.30339622641509,4.14,10.56,0.151998043900247,NA,NA
"135","DERM_BBWQ","BBMB4",NA,152,6.28993421052632,3.85,9.7,0.120323965438924,NA,NA
"136","DERM_BBWQ","BBOR1",NA,94,6.48212765957447,5.15,7.5,0.0920284211104938,NA,NA
"137","DERM_BBWQ","BBOR2",NA,94,6.31446808510638,4.54,7.65,0.118657434414032,NA,NA
"138","DERM_BBWQ","BBY1",NA,38,5.93710526315789,4,7.14,0.136247578972109,NA,NA
"139","DERM_BBWQ","BBY4",NA,40,6.43175,4.89,7.71,0.105514168186038,NA,NA
"140","DERM_BBWQ","BISC101",NA,183,6.6379781420765,4.92,9.11,0.12099876652493,NA,NA
"141","DERM_BBWQ","BISC121",NA,170,6.21705882352941,4.56,8.04,0.116400911884617,NA,NA
"142","DERM_BBWQ","BISC122",NA,180,6.45911111111111,4.5,8.75,0.133896347580314,NA,NA
"143","DERM_BBWQ","BISC127",NA,174,6.40120689655172,4.57,8.11,0.113502585654982,NA,NA
"144","DERM_BBWQ","BL01",NA,129,4.91875968992248,1.41,7.84,0.292521698944246,NA,NA
"145","DERM_BBWQ","BL02",NA,65,4.29553846153846,1.5,7.66,0.372826721652688,NA,NA
"146","DERM_BBWQ","BL03",NA,172,5.05302325581395,0.74,10.36,0.484102976536235,NA,NA
"147","DERM_BBWQ","BL04",NA,40,3.124,0.45,8.12,0.721836782277736,NA,NA
"148","DERM_BBWQ","BL05",NA,41,2.98121951219512,0.46,7.33,0.717827123830433,NA,NA
"149","DERM_BBWQ","BL06",NA,152,4.55105263157895,0.53,9.78,0.665911166612575,NA,NA
"150","DERM_BBWQ","BL12",NA,163,1.0839263803681,0.08,5.85,0.92927797524709,NA,NA
"151","DERM_BBWQ","BS01",NA,174,5.16408045977011,2.29,8.02,0.217025725165654,NA,NA
"152","DERM_BBWQ","BS04",NA,172,5.16255813953488,2.25,10.4,0.312016900505597,NA,NA
"153","DERM_BBWQ","BS07",NA,163,5.98092024539877,3.55,8.75,0.200916904475,NA,NA
"154","DERM_BBWQ","BS08",NA,40,5.9095,3.2,8.67,0.24720983865216,NA,NA
"155","DERM_BBWQ","BS09",NA,40,6.255,3.67,9.1,0.203101954010826,NA,NA
"156","DERM_BBWQ","BS10",NA,171,3.98794152046784,0.91,7.63,0.354332879010676,NA,NA
"157","DERM_BBWQ","BS11",NA,168,5.36666666666667,0.1,11.82,0.477708422517202,NA,NA
"158","DERM_BBWQ","CD01A",NA,220,5.97695454545455,2.79,8.46,0.1996138515184,NA,NA
"159","DERM_BBWQ","CD02",NA,168,6.16577380952381,2.86,8.93,0.238846293449899,NA,NA
"160","DERM_BBWQ","CD03A",NA,40,5.73325,3.07,8.34,0.241761306023245,NA,NA
"161","DERM_BBWQ","CD04A",NA,41,6.35121951219512,0.58,9.69,0.390986965248613,NA,NA
"162","DERM_BBWQ","CD05",NA,174,6.70477011494253,3.03,8.84,0.183526056322459,NA,NA
"163","DERM_BBWQ","CD09",NA,162,3.66746913580247,1.58,9.07,0.407534525943531,NA,NA
"164","DERM_BBWQ","CG01",NA,174,5.63764367816092,3.12,7.5,0.161581642056425,NA,NA
"165","DERM_BBWQ","CG02",NA,40,5.15475,3,7.2,0.210919237413662,NA,NA
"166","DERM_BBWQ","CG02A",NA,160,4.3861875,1.63,7.16,0.251913978037581,NA,NA
"167","DERM_BBWQ","CG03",NA,41,4.6909756097561,0.58,9.77,0.492105500398373,NA,NA
"168","DERM_BBWQ","CG07",NA,170,4.38711764705882,1.01,11.23,0.457983805869729,NA,NA
"169","DERM_BBWQ","CM02",NA,184,4.02027173913043,0.16,7.76,0.508679298370783,NA,NA
"170","DERM_BBWQ","CM04",NA,49,3.93224489795918,0.36,7.87,0.52223015249553,NA,NA
"171","DERM_BBWQ","DDC1",NA,40,2.73575,1.04,6.62,0.476530807403737,NA,NA
"172","DERM_BBWQ","DDC2",NA,37,3.48135135135135,1.29,6.79,0.398475661485481,NA,NA
"173","DERM_BBWQ","FC03",NA,169,5.22,2.46,9.95,0.283834697023026,NA,NA
"174","DERM_BBWQ","FC15",NA,154,5.10564935064935,0.34,8.84,0.400292427372341,NA,NA
"175","DERM_BBWQ","FC16",NA,33,6.38393939393939,2.31,9.13,0.223270652849675,NA,NA
"176","DERM_BBWQ","GL02",NA,198,3.8310101010101,0.27,8.34,0.403375993823041,NA,NA
"177","DERM_BBWQ","GL03",NA,146,5.50616438356164,1.84,9.49,0.288894512291801,NA,NA
"178","DERM_BBWQ","IC01",NA,38,6.20921052631579,5.17,6.86,0.0733239087414263,NA,NA
"179","DERM_BBWQ","IC02",NA,38,6.26157894736842,5.06,7.24,0.0786022240936714,NA,NA
"180","DERM_BBWQ","L31E1",NA,171,5.07438596491228,0.42,8.56,0.375742351008009,NA,NA
"181","DERM_BBWQ","LR01",NA,174,4.89488505747126,1.26,7.24,0.266729416259636,NA,NA
"182","DERM_BBWQ","LR05",NA,173,2.38294797687861,0.57,6.18,0.525893124571745,NA,NA
"183","DERM_BBWQ","LR06",NA,171,2.73479532163743,0.51,5.89,0.451448388409817,NA,NA
"184","DERM_BBWQ","LR07",NA,41,2.29317073170732,1.05,4.54,0.393894574785744,NA,NA
"185","DERM_BBWQ","LR08",NA,174,2.24149425287356,0.67,5.85,0.50775822090447,NA,NA
"186","DERM_BBWQ","LR10",NA,177,1.68988700564972,0.08,6.83,0.85874042472226,NA,NA
"187","DERM_BBWQ","MI01",NA,16,3.710625,0.69,5.6,0.381039631105042,NA,NA
"188","DERM_BBWQ","MI02",NA,169,6.28562130177515,0.64,9.41,0.318215397250299,NA,NA
"189","DERM_BBWQ","MI03",NA,167,6.82383233532934,2.38,9.92,0.266219643074776,NA,NA
"190","DERM_BBWQ","MR01",NA,172,5.62627906976744,3.49,7.08,0.147381761739906,NA,NA
"191","DERM_BBWQ","MR02",NA,40,4.74,3.14,6.11,0.190920574052761,NA,NA
"192","DERM_BBWQ","MR03",NA,172,4.53476744186047,1.87,6.79,0.240652690590284,NA,NA
"193","DERM_BBWQ","MR04",NA,40,4.697,2.93,5.94,0.171459434768008,NA,NA
"194","DERM_BBWQ","MR05",NA,168,4.41,1.75,6.58,0.238805615865661,NA,NA
"195","DERM_BBWQ","MR06",NA,40,4.14425,2.29,5.6,0.22058015920622,NA,NA
"196","DERM_BBWQ","MR07",NA,168,3.52654761904762,0.43,9.52,0.489955612808231,NA,NA
"197","DERM_BBWQ","MR08",NA,175,3.80582857142857,0.41,8.35,0.623312117949155,NA,NA
"198","DERM_BBWQ","MR11",NA,40,2.1445,0.37,4.93,0.689649387767255,NA,NA
"199","DERM_BBWQ","MR15",NA,173,1.14566473988439,0.23,5.85,0.857724753338509,NA,NA
"200","DERM_BBWQ","MW01",NA,65,5.65523076923077,2.22,8.85,0.266590116601923,NA,NA
"201","DERM_BBWQ","MW04",NA,172,5.56703488372093,2.28,8.32,0.248602291707908,NA,NA
"202","DERM_BBWQ","MW05",NA,174,7.81741379310345,1.53,15.73,0.340378926748251,NA,NA
"203","DERM_BBWQ","MW13",NA,172,1.91441860465116,0.45,5.85,0.620169175015817,NA,NA
"204","DERM_BBWQ","NO07A",NA,176,4.38505681818182,0.7,7.96,0.339660057852626,NA,NA
"205","DERM_BBWQ","OC01",NA,41,4.42243902439024,2.09,7.92,0.376598314780418,NA,NA
"206","DERM_BBWQ","OL01",NA,51,5.17843137254902,2.18,7.3,0.263601575753362,NA,NA
"207","DERM_BBWQ","OL02",NA,181,3.33375690607735,1.05,6.2,0.34509818032284,NA,NA
"208","DERM_BBWQ","OL03",NA,203,2.5851724137931,0.41,6.85,0.456769215261493,NA,NA
"209","DERM_BBWQ","OSC1",NA,52,4.91615384615385,0.96,8.82,0.462930819520123,NA,NA
"210","DERM_BBWQ","OSC2",NA,55,1.38472727272727,0.15,3.89,0.693045821189038,NA,NA
"211","DERM_BBWQ","OSC3",NA,40,2.20725,0.13,4.52,0.596633574830125,NA,NA
"212","DERM_BBWQ","PR01",NA,56,5.92660714285714,2.87,9.05,0.286919302622491,NA,NA
"213","DERM_BBWQ","PR03",NA,173,5.32167630057803,2.12,10.17,0.307146511052916,NA,NA
"214","DERM_BBWQ","PR04A",NA,173,3.82872832369942,1.69,7.98,0.332789301381771,NA,NA
"215","DERM_BBWQ","PR08",NA,174,2.34534482758621,0.42,7.31,0.64432262818148,NA,NA
"216","DERM_BBWQ","SK01",NA,168,5.16767857142857,2.21,7.63,0.188733813853014,NA,NA
"217","DERM_BBWQ","SK02",NA,172,6.06947674418605,1.84,9.6,0.298863026914858,NA,NA
"218","DERM_BBWQ","SK05",NA,149,5.23456375838926,1.63,8.62,0.383641302980144,NA,NA
"219","DERM_BBWQ","SK09",NA,172,2.73860465116279,0.86,6.98,0.473243358394733,NA,NA
"220","DERM_BBWQ","SK10",NA,152,0.774934210526316,0.15,3.42,0.921392495034678,NA,NA
"221","DERM_BBWQ","SP01",NA,170,3.92782352941176,0.85,7.32,0.431722088497258,NA,NA
"222","DERM_BBWQ","SP03",NA,40,1.901,0.41,5.6,0.710150852775509,NA,NA
"223","DERM_BBWQ","SP04",NA,174,2.55057471264368,0.42,9.62,0.739736754691699,NA,NA
"224","DERM_BBWQ","SP05",NA,40,1.843,0.34,6.63,0.811639182913064,NA,NA
"225","DERM_BBWQ","SP08",NA,172,0.822558139534884,0.18,5.85,0.988312538783526,NA,NA
"226","DERM_BBWQ","TM02",NA,168,3.85839285714286,0.85,7.86,0.416882838660728,NA,NA
"227","DERM_BBWQ","TM03A",NA,177,5.23293785310734,1.87,9.11,0.340789714181875,NA,NA
"228","DERM_BBWQ","TM05",NA,168,1.27113095238095,0.18,7.99,0.882674450957676,NA,NA
"229","DERM_BBWQ","TM06",NA,40,0.96175,0.36,2.31,0.493329814822321,NA,NA
"230","DERM_BBWQ","TM07A",NA,40,1.07175,0.59,1.75,0.24881622585085,NA,NA
"231","DERM_BBWQ","TM08",NA,169,1.72970414201183,0.03,6.73,0.820333237712647,NA,NA
"232","DERM_BBWQ","WC02",NA,172,2.47151162790698,0.67,5.85,0.505995847628392,NA,NA
"233","DERM_BBWQ","WC03",NA,186,1.97123655913978,0.28,6.86,0.623073517923972,NA,NA
"234","DERM_BBWQ","WC04",NA,194,1.31989690721649,0.05,7.06,1.00932615583015,NA,NA
"235","FIU_Estuaries","Alligator Bay",26.9047619047619,155,7162.64516129032,4800,11800,0.179119144378772,NA,0.201750176809765
"236","FIU_Estuaries","BNP Marker B",0,135,NA,NA,NA,NA,NA,0.982509555058672
"237","FIU_Estuaries","BNP Marker C",50,180,6416.77777777778,3080,9700,0.143108985440501,50,5.56953630207024e-05
"238","FIU_Estuaries","Barnes Sound",-11.7647058823529,219,NA,NA,NA,NA,NA,0.26967492282484
"239","FIU_Estuaries","Barron River",121.25,168,4747.08333333333,1800,8540,0.303330086114113,121.25,1.13262398019224e-06
"240","FIU_Estuaries","Big Carlos Pass",125.714285714286,117,NA,NA,NA,NA,125.714285714286,0.00487884361363107
"241","FIU_Estuaries","Big Lostmans Bay",72.9166666666667,191,NA,NA,NA,NA,72.9166666666667,1.41776843656132e-05
"242","FIU_Estuaries","Big Macro River (Red #24)",70,117,NA,NA,NA,NA,NA,0.0665928564054273
"243","FIU_Estuaries","Black Point",-66.6666666666667,180,NA,NA,NA,NA,-66.6666666666667,0.0033417807704202
"244","FIU_Estuaries","Blackwater River",-23.0555555555556,168,5024.22619047619,300,10300,0.320290751275215,NA,0.3695220894927
"245","FIU_Estuaries","Blackwater Sound",-37.7777777777778,235,NA,NA,NA,NA,-37.7777777777778,0.00122153208615238
"246","FIU_Estuaries","Broad River Bay",62,191,NA,NA,NA,NA,62,0.000121600752928849
"247","FIU_Estuaries","Broad River Mouth",35,191,NA,NA,NA,NA,35,0.0436716595492563
"248","FIU_Estuaries","Butternut Key",-6.36363636363636,213,NA,NA,NA,NA,NA,0.33481428673955
"249","FIU_Estuaries","Cabbage Island",49.1608391608392,179,NA,NA,NA,NA,49.1608391608392,0.00198801935306743
"250","FIU_Estuaries","Capri Pass (Red #4)",82.5,117,NA,NA,NA,NA,82.5,0.000531169641832117
"251","FIU_Estuaries","Captain Key",-8,211,NA,NA,NA,NA,NA,0.461105975323861
"252","FIU_Estuaries","Card Sound Bridge",22.7272727272727,212,NA,NA,NA,NA,NA,0.060515840449113
"253","FIU_Estuaries","Card Sound North",20,180,6382.83333333333,4000,9130,0.142571142807345,NA,0.0520576107209995
"254","FIU_Estuaries","Caxambas Bay (Green #3)",53.3333333333333,115,NA,NA,NA,NA,NA,0.0812057642594481
"255","FIU_Estuaries","Caxambas Pass",60,116,NA,NA,NA,NA,NA,0.0895591623561561
"256","FIU_Estuaries","Chevalier Bay",14.4444444444444,167,6542.09580838323,3300,10230,0.213220694387563,NA,0.566896131079424
"257","FIU_Estuaries","Chino Island",104.428571428571,117,NA,NA,NA,NA,104.428571428571,0.000874804224117203
"258","FIU_Estuaries","Chokoloskee",80,156,5719.48717948718,2900,11540,0.256181450948422,80,0.00146451265059593
"259","FIU_Estuaries","Convoy Point",-40,180,NA,NA,NA,NA,NA,0.0635400658220313
"260","FIU_Estuaries","Coon Key Pass",80,117,NA,NA,NA,NA,80,0.0200172696710468
"261","FIU_Estuaries","Coot Bay",50,179,NA,NA,NA,NA,NA,0.136758282783852
"262","FIU_Estuaries","Dismal Key",56.7532467532468,167,5380,1500,9030,0.226118558202368,56.7532467532468,0.00997113748120642
"263","FIU_Estuaries","Dollar Bay",72.8571428571429,116,NA,NA,NA,NA,72.8571428571429,0.0230575005744183
"264","FIU_Estuaries","Duck Key",-18.3333333333333,235,NA,NA,NA,NA,NA,0.0633700759741296
"265","FIU_Estuaries","East Cape",10,203,NA,NA,NA,NA,NA,0.154081000474524
"266","FIU_Estuaries","Elliott Key",20,168,6367.14285714286,4180,9010,0.127191189855769,NA,0.17901460820108
"267","FIU_Estuaries","Estero Bay North",120,117,NA,NA,NA,NA,120,0.0058018880603764
"268","FIU_Estuaries","Estero Bay South",81,117,NA,NA,NA,NA,NA,0.058137212786982
"269","FIU_Estuaries","Faka Union Pass",80,168,5441.25,1400,12100,0.254502003031217,80,7.11703529817096e-06
"270","FIU_Estuaries","Faka Union River",92.2619047619048,168,5178.09523809524,400,11600,0.29050723517897,92.2619047619048,3.33141166040537e-06
"271","FIU_Estuaries","Fakahatchee Bay",167.916666666667,77,5777.01298701299,2230,8990,0.236041638785211,167.916666666667,0.0378138747205703
"272","FIU_Estuaries","Featherbed Bank",50,180,6358,3760,9490,0.160023315501389,50,0.000794055712565052
"273","FIU_Estuaries","Fender Point",-14.7222222222222,180,NA,NA,NA,NA,NA,0.38741488750744
"274","FIU_Estuaries","First Bay",33.1666666666667,191,NA,NA,NA,NA,33.1666666666667,0.0189576213172164
"275","FIU_Estuaries","First National",88.125,117,NA,NA,NA,NA,88.125,0.00683704050539878
"276","FIU_Estuaries","Fishermans Point",102.666666666667,117,NA,NA,NA,NA,102.666666666667,0.00221598349135275
"277","FIU_Estuaries","Garfield Bight",99.1666666666667,210,NA,NA,NA,NA,99.1666666666667,1.09907920474055e-05
"278","FIU_Estuaries","Goodland Bridge",96.6666666666667,117,NA,NA,NA,NA,96.6666666666667,0.00040842651948414
"279","FIU_Estuaries","Gullivan Bay",30,273,NA,NA,NA,NA,NA,0.0995242588092444
"280","FIU_Estuaries","Gun Rock Point",14.1666666666667,168,6375.11904761905,2550,9500,0.215986298758627,NA,0.602643581408806
"281","FIU_Estuaries","Gunboat Island",66.6666666666667,191,NA,NA,NA,NA,66.6666666666667,2.41703455772167e-06
"282","FIU_Estuaries","Hall Bay",98.5714285714286,117,NA,NA,NA,NA,98.5714285714286,0.00366698535484613
"283","FIU_Estuaries","Harney River Junction",89.5,191,NA,NA,NA,NA,89.5,3.2404701254064e-10
"284","FIU_Estuaries","Harney River Mouth",60.625,191,NA,NA,NA,NA,60.625,0.0235658006696698
"285","FIU_Estuaries","Henderson Creek",373.333333333333,80,NA,NA,NA,NA,373.333333333333,4.16129074848001e-05
"286","FIU_Estuaries","Highway Creek",-10,212,NA,NA,NA,NA,NA,0.442383208948984
"287","FIU_Estuaries","Huston Bay",32.7777777777778,168,6294.16666666667,3630,9490,0.203235053821065,NA,0.151318250172792
"288","FIU_Estuaries","Huston River",58.8690476190476,155,6538.12903225806,3590,9830,0.193955981125981,58.8690476190476,0.0291543006518114
"289","FIU_Estuaries","Indian Key",29.375,168,6087.61904761905,3900,9530,0.179847079414903,NA,0.104811585598696
"290","FIU_Estuaries","Indian Key Pass",73.9285714285714,168,5685.2380952381,3300,10390,0.215210497009407,73.9285714285714,5.14662785355222e-05
"291","FIU_Estuaries","Joe Bay",0,212,NA,NA,NA,NA,NA,0.990984809121765
"292","FIU_Estuaries","Johnson Bay",90,117,NA,NA,NA,NA,90,0.000683023494982408
"293","FIU_Estuaries","Johnson Key Basin",33.3333333333333,234,NA,NA,NA,NA,33.3333333333333,0.019684132956822
"294","FIU_Estuaries","Kewaydin Channel",146.666666666667,117,NA,NA,NA,NA,146.666666666667,0.000259544836280177
"295","FIU_Estuaries","Little Blackwater Sound",-15.2272727272727,212,NA,NA,NA,NA,NA,0.0759218406850421
"296","FIU_Estuaries","Little Madeira Bay",7.77777777777778,212,NA,NA,NA,NA,NA,0.372767867807562
"297","FIU_Estuaries","Long Sound",11.875,220,NA,NA,NA,NA,NA,0.321978001498736
"298","FIU_Estuaries","Lopez Bay",75.625,168,5683.69047619048,2500,9610,0.242659368254656,75.625,0.0005155086185654
"299","FIU_Estuaries","Lopez River",78.2307692307692,168,5474.52380952381,2400,8720,0.249389390409726,78.2307692307692,0.000108746974935745
"300","FIU_Estuaries","Lostmans Five Bay",100,167,5650.59880239521,2500,13900,0.299690954533498,100,7.16258264523958e-08
"301","FIU_Estuaries","Manatee Bay",-7.92857142857143,212,NA,NA,NA,NA,NA,0.422181103407492
"302","FIU_Estuaries","Marker G-1B",50,180,NA,NA,NA,NA,50,0.00301660771647168
"303","FIU_Estuaries","Marker G-71",48.8888888888889,147,6225.30612244898,3790,9280,0.132821606946334,48.8888888888889,0.000670644285174355
"304","FIU_Estuaries","Matheson Beach",15,147,6427.14285714286,3500,10300,0.175468788298452,NA,0.387938047772548
"305","FIU_Estuaries","Midbay North",11.8181818181818,168,NA,NA,NA,NA,NA,0.315414348672343
"306","FIU_Estuaries","Midbay South",11.0795454545455,168,6385.59523809524,3900,9030,0.130007074258317,NA,0.205129200904622
"307","FIU_Estuaries","Middle Broad River",53.5416666666667,191,NA,NA,NA,NA,53.5416666666667,0.0023356200816996
"308","FIU_Estuaries","Middle Chatham River",32.9166666666667,168,5811.72619047619,2960,9210,0.232154739131489,NA,0.170066313386251
"309","FIU_Estuaries","Middle Key",8.4375,212,NA,NA,NA,NA,NA,0.403029891519625
"310","FIU_Estuaries","Midway Keys",33.3333333333333,179,NA,NA,NA,NA,33.3333333333333,0.0220579649903767
"311","FIU_Estuaries","Murray Key",15.7272727272727,219,NA,NA,NA,NA,NA,0.252809480991264
"312","FIU_Estuaries","Near Black Ledge",-52.2222222222222,168,6813.15476190476,3720,11300,0.187116625041236,-52.2222222222222,0.0220779325137849
"313","FIU_Estuaries","North I-195 Basin",13.3333333333333,135,6337.18518518519,3000,10200,0.195441619679119,NA,0.587477942883081
"314","FIU_Estuaries","North Marker 36",-37.5,191,NA,NA,NA,NA,-37.5,0.0318554659334065
"315","FIU_Estuaries","North Normandy Isle",50,147,6504.48979591837,4370,9260,0.139811823593292,50,0.00645861994634439
"316","FIU_Estuaries","North River Mouth",37.6923076923077,179,NA,NA,NA,NA,37.6923076923077,0.0112309768987747
"317","FIU_Estuaries","North Venetian Basin",53.3333333333333,147,6108.23129251701,3920,9100,0.164522423057424,53.3333333333333,0.000196012598746562
"318","FIU_Estuaries","Old Dan Bank",-16.6666666666667,203,NA,NA,NA,NA,NA,0.129266405598292
"319","FIU_Estuaries","Oleta River Park",45,147,6245.51020408163,3900,9010,0.138074233918781,45,0.00605897713644002
"320","FIU_Estuaries","Outer Clam Pass",33.0952380952381,117,NA,NA,NA,NA,NA,0.213108404986072
"321","FIU_Estuaries","Outer Gordon Pass",48.3333333333333,116,NA,NA,NA,NA,NA,0.0840025891159141
"322","FIU_Estuaries","Oxfoot Bank",18.1818181818182,203,NA,NA,NA,NA,NA,0.0727997649227648
"323","FIU_Estuaries","Oyster Bay",45.1923076923077,191,NA,NA,NA,NA,45.1923076923077,0.00640390825908489
"324","FIU_Estuaries","Panther Key",48.5,156,6089.55128205128,2500,9600,0.189166819920817,48.5,0.0369108244929566
"325","FIU_Estuaries","Park Key",-12.5,234,NA,NA,NA,NA,NA,0.169883053512397
"326","FIU_Estuaries","Pelican Bank",23.3333333333333,180,6394.5,3870,9130,0.141470801251922,NA,0.0536562119536557
"327","FIU_Estuaries","Peterson Keys",0,220,NA,NA,NA,NA,NA,0.922290211370866
"328","FIU_Estuaries","Pine Island Sound",76.875,117,NA,NA,NA,NA,76.875,0.002000735147492
"329","FIU_Estuaries","Point Ybel (Red #8)",104.732142857143,117,NA,NA,NA,NA,104.732142857143,0.00203147241477181
"330","FIU_Estuaries","Ponce De Leon Bay",77.1428571428571,116,NA,NA,NA,NA,77.1428571428571,0.018576011605913
"331","FIU_Estuaries","Ponce de Leon Bay",50,75,5456,3200,8000,0.213388316263969,NA,0.47325260588617
"332","FIU_Estuaries","Porpoise Lake",-24.6410256410256,220,NA,NA,NA,NA,-24.6410256410256,0.0498723232291273
"333","FIU_Estuaries","Rabbit Key Basin",7.75,234,NA,NA,NA,NA,NA,0.659025264485572
"334","FIU_Estuaries","Rabbit Key Pass",22.6136363636364,168,6882.38095238095,4000,10100,0.181161739245323,NA,0.23626760119884
"335","FIU_Estuaries","Rankin Lake",43.0769230769231,234,NA,NA,NA,NA,43.0769230769231,0.00161833935556651
"336","FIU_Estuaries","Reckems Point",142,117,NA,NA,NA,NA,142,0.000536198613562057
"337","FIU_Estuaries","Roberts River Mouth",40,191,NA,NA,NA,NA,40,0.0235659780429654
"338","FIU_Estuaries","Rookery Bay",87.0833333333333,117,NA,NA,NA,NA,87.0833333333333,0.00152293305214702
"339","FIU_Estuaries","Rt.951 Bridge",87.5,117,NA,NA,NA,NA,87.5,0.00284188980755829
"340","FIU_Estuaries","Rubicon Keys",15,168,6177.20238095238,2800,8850,0.164602137571383,NA,0.275660713025849
"341","FIU_Estuaries","San Carlos Bay",101.666666666667,117,NA,NA,NA,NA,101.666666666667,0.00114289493497134
"342","FIU_Estuaries","Sands Cut",80.625,180,6361.72222222222,3740,10200,0.181317349621045,80.625,1.01770260303655e-05
"343","FIU_Estuaries","Shell Key",7.5,168,5449.94047619048,1100,9990,0.255899190782743,NA,0.682337877591879
"344","FIU_Estuaries","Shell Point",164.285714285714,117,NA,NA,NA,NA,164.285714285714,0.000109234909004941
"345","FIU_Estuaries","Shoal Point",11.25,147,6432.38095238095,4010,11500,0.175904422347486,NA,0.514325706310945
"346","FIU_Estuaries","South Card Sound",8,147,6532.78911564626,4090,9000,0.137490766501596,NA,0.526699664182642
"347","FIU_Estuaries","South Dodge Island",44.2857142857143,147,6183.74149659864,3480,8680,0.139195032902761,44.2857142857143,0.00568111781582973
"348","FIU_Estuaries","Southeast Marker 12",12.1111111111111,191,NA,NA,NA,NA,NA,0.31665515491185
"349","FIU_Estuaries","Sprigger Bank",0,203,NA,NA,NA,NA,NA,0.942480246988325
"350","FIU_Estuaries","Sta 351",-88.80625,49,6296.47183673469,3611.98,9315,0.173328622559991,-88.80625,0.0405214734852053
"351","FIU_Estuaries","Sta 352",-144.696458333333,49,5795.90571428571,2577.31,11820,0.247838618786767,-144.696458333333,0.00227142942758608
"352","FIU_Estuaries","Sta 353",-121.165666666667,49,5913.30755102041,3470,8990,0.176332821607642,-121.165666666667,0.0075691668797301
"353","FIU_Estuaries","Sta 354",-135,49,NA,NA,NA,NA,-135,0.00289216121822407
"354","FIU_Estuaries","Sta 355",-89.55,49,5972.55734693878,4181.21,8345,0.164076094744999,-89.55,0.0113895902829575
"355","FIU_Estuaries","Sta 356",-104.828333333333,49,NA,NA,NA,NA,-104.828333333333,0.0128608976823515
"356","FIU_Estuaries","Sta 357",-72.4757142857143,49,5878.10489795918,3587.91,9207,0.176310200065365,-72.4757142857143,0.0296183457240709
"357","FIU_Estuaries","Sta 358",-97.4,49,5869.40653061224,3200,7300,0.152786108141886,-97.4,0.0425827975150112
"358","FIU_Estuaries","Sta 359",-77.6666666666667,49,5862.03387755102,3956.6,7300,0.147557912855789,-77.6666666666667,0.0230967348656411
"359","FIU_Estuaries","Sta 360",-90.6666666666667,47,6000.04234042553,4152.72,9490,0.17008740859384,-90.6666666666667,0.00282662210514501
"360","FIU_Estuaries","Sta 361",-105.473055555556,47,5858.90170212766,2980,9317,0.200213272883642,-105.473055555556,0.0310513749465911
"361","FIU_Estuaries","Sta 362",-113.831666666667,47,5889.42127659574,3136.88,8500,0.178738347113144,-113.831666666667,0.00947604604098007
"362","FIU_Estuaries","Sta 363",-112.88875,47,5792.49808510638,2900,8200,0.195609473037488,-112.88875,0.00170918111011119
"363","FIU_Estuaries","Sta 364",-99.8644444444444,48,5912.116875,2620.91,8300,0.19499619789096,-99.8644444444444,0.00896874666515844
"364","FIU_Estuaries","Sta 365",-154.621111111111,48,NA,NA,NA,NA,-154.621111111111,0.00172385926817922
"365","FIU_Estuaries","Sta 366",-100,48,5953.49729166667,2680,9570,0.21234728008793,-100,0.0178601680318225
"366","FIU_Estuaries","Sta 367",-110.131666666667,48,5975.213125,2980,9880,0.20701310125104,-110.131666666667,0.00059933639686331
"367","FIU_Estuaries","Sta 368",-129.338571428571,49,5908.63857142857,2900,9220,0.204253198687921,-129.338571428571,0.000508586601400962
"368","FIU_Estuaries","Sta 369",-82.5,49,5937.1212244898,2361.18,8640,0.198184080149205,-82.5,0.0475005319350912
"369","FIU_Estuaries","Sta 370",-96.23,49,5820.50040816327,2932.31,7600,0.182576807587789,NA,0.0737014198040038
"370","FIU_Estuaries","Sta 371",-151.82125,49,NA,NA,NA,NA,-151.82125,0.00117479989555556
"371","FIU_Estuaries","Sta 372",-134.374285714286,49,5827.13857142857,3253.67,7600,0.163247013407403,-134.374285714286,0.000416898911646309
"372","FIU_Estuaries","Sta 373",-112.452777777778,49,NA,NA,NA,NA,-112.452777777778,0.0108380473967215
"373","FIU_Estuaries","Sta 374",-152.598,48,5931.564375,2471.68,11190,0.242289309386316,-152.598,0.00200190787920932
"374","FIU_Estuaries","Sta 375",-104.666722222222,49,NA,NA,NA,NA,-104.666722222222,0.00501034473066377
"375","FIU_Estuaries","Sta 376",-76.125,49,NA,NA,NA,NA,-76.125,0.038917021690977
"376","FIU_Estuaries","Sta 377",-90.7455555555556,49,NA,NA,NA,NA,-90.7455555555556,0.0118771643888649
"377","FIU_Estuaries","Sta 378",-111.460138888889,49,NA,NA,NA,NA,-111.460138888889,0.00447548638059497
"378","FIU_Estuaries","Sta 379",-55.8,49,NA,NA,NA,NA,NA,0.125950639511868
"379","FIU_Estuaries","Sta 380",-113.09,49,NA,NA,NA,NA,-113.09,0.00796088034223491
"380","FIU_Estuaries","Sta 381",-142.058333333333,49,NA,NA,NA,NA,-142.058333333333,0.00154620347708074
"381","FIU_Estuaries","Sta 382",-100,49,5743.48244897959,2970,8700,0.215012727189839,-100,0.0263576723661945
"382","FIU_Estuaries","Sta 383",-93.434375,49,NA,NA,NA,NA,NA,0.0831386551908184
"383","FIU_Estuaries","Sta 384",-138.85,49,NA,NA,NA,NA,-138.85,0.029751350651524
"384","FIU_Estuaries","Sta 385",-92.2933333333334,49,NA,NA,NA,NA,NA,0.127599125625432
"385","FIU_Estuaries","Sta 386",-146.3,49,NA,NA,NA,NA,-146.3,0.00688615584644289
"386","FIU_Estuaries","Sta 387",-127.736388888889,49,NA,NA,NA,NA,-127.736388888889,0.00365792131592909
"387","FIU_Estuaries","Sta 388",-86.6758333333333,49,NA,NA,NA,NA,-86.6758333333333,0.0149117132890626
"388","FIU_Estuaries","Sta 389",-85.1721428571428,49,NA,NA,NA,NA,-85.1721428571428,0.0422916477603568
"389","FIU_Estuaries","Sta 390",-115.134523809524,49,NA,NA,NA,NA,-115.134523809524,0.00254015024261022
"390","FIU_Estuaries","Sta 391",-132.191277777778,49,NA,NA,NA,NA,-132.191277777778,0.00426080644692757
"391","FIU_Estuaries","Sta 392",-111.312847222222,49,NA,NA,NA,NA,-111.312847222222,0.0167694925305097
"392","FIU_Estuaries","Sta 393",-125.535317460317,49,NA,NA,NA,NA,-125.535317460317,0.0344256366161176
"393","FIU_Estuaries","Sta 394",-43.875,49,NA,NA,NA,NA,NA,0.341212239181004
"394","FIU_Estuaries","Sta 395",-103.77,48,NA,NA,NA,NA,NA,0.053287803129686
"395","FIU_Estuaries","Sta 396",-177.129,48,NA,NA,NA,NA,-177.129,0.000256106042689844
"396","FIU_Estuaries","Sta 397",-97.99,48,NA,NA,NA,NA,NA,0.053287803129686
"397","FIU_Estuaries","Sta 398",-151.082222222222,48,NA,NA,NA,NA,-151.082222222222,0.0189430660228479
"398","FIU_Estuaries","Sta 399",-109.490952380952,49,NA,NA,NA,NA,-109.490952380952,0.023176806713882
"399","FIU_Estuaries","Sunday Bay",75.3571428571429,168,6156.90476190476,2800,9500,0.233733427028038,75.3571428571429,0.00161043995609406
"400","FIU_Estuaries","Tarpon Bay",78.7762237762238,191,NA,NA,NA,NA,78.7762237762238,5.59340147555322e-07
"401","FIU_Estuaries","Terrapin Bay",-37.5,211,NA,NA,NA,NA,NA,0.053387815773911
"402","FIU_Estuaries","Third Bay",52.9166666666667,191,NA,NA,NA,NA,52.9166666666667,0.0012345598655678
"403","FIU_Estuaries","Twin Key Basin",-16.5151515151515,219,NA,NA,NA,NA,NA,0.0929666733170459
"404","FIU_Estuaries","Upper Chatham River",61.25,159,6050.06289308176,3040,10300,0.231791794492882,61.25,0.0133826677218222
"405","FIU_Estuaries","Useppa Island",74.6428571428571,117,NA,NA,NA,NA,74.6428571428571,0.010158541387788
"406","FIU_Estuaries","Watson River Chickee",38.25,191,NA,NA,NA,NA,38.25,0.00589053639657316
"407","FIU_Estuaries","West Arsenicker",3.63636363636364,180,6572.33333333333,3720,9030,0.155795220379643,NA,0.731715459837509
"408","FIU_Estuaries","West Marker 18",24.6428571428571,191,NA,NA,NA,NA,NA,0.0709077993190106
"409","FIU_Estuaries","West Marker 34",64.5,191,NA,NA,NA,NA,64.5,0.000142282609329741
"410","FIU_Estuaries","West Pass",33.3333333333333,166,NA,NA,NA,NA,33.3333333333333,0.0418344027769041
"411","FIU_Estuaries","Whipray Basin",10,219,NA,NA,NA,NA,NA,0.472603344068193
"412","FIU_Estuaries","White Horse Key",29.1666666666667,168,5967.61904761905,2500,9870,0.2115780820838,NA,0.283761005756276
"413","FIU_Estuaries","Wigging Pass",NA,10,NA,NA,NA,NA,NA,NA
"414","FIU_Estuaries","Wiggins Pass",292.916666666667,106,5389.24528301887,2600,10160,0.259612574395666,292.916666666667,5.40273013579005e-10
"415","FIU_WQMP","200-W",NA,66,6.45425090909091,5.93,6.85,0.0386814270486013,NA,NA
"416","FIU_WQMP","201-W",NA,33,6.49279909090909,5.89,8.35,0.0718656573821319,NA,NA
"417","FIU_WQMP","203-W",NA,33,6.46951909090909,6.07,6.91,0.0381000847697798,NA,NA
"418","FIU_WQMP","204-W",NA,34,6.47270794117647,5.9,7.17,0.0555875424743605,NA,NA
"419","FIU_WQMP","206-W",NA,34,6.45091441176471,6.04,6.88,0.0399493314334521,NA,NA
"420","FIU_WQMP","207-W",NA,33,6.46869575757576,5.91,7.11,0.0522495261907726,NA,NA
"421","FIU_WQMP","209-W",NA,32,6.4193634375,5.95,7.14,0.0480040299348905,NA,NA
"422","FIU_WQMP","210-W",NA,33,6.46817363636364,6.13,6.87,0.0368017966951713,NA,NA
"423","FIU_WQMP","211-W",NA,31,6.49318903225806,5.99,7.25,0.0578675039018019,NA,NA
"424","FIU_WQMP","212-W",NA,33,6.50828636363636,6,7.11,0.0530019225748213,NA,NA
"425","FIU_WQMP","213-W",NA,61,6.46411606557377,6.11605,6.88,0.0359937610421277,NA,NA
"426","FIU_WQMP","214-W",NA,33,6.49977545454545,5.98,7.21,0.0576778902713968,NA,NA
"427","FIU_WQMP","215-W",NA,33,6.51604696969697,6,7.25,0.0577988124782669,NA,NA
"428","FIU_WQMP","216-W",NA,33,6.45222939393939,6.09911,6.87,0.0363723451687276,NA,NA
"429","FIU_WQMP","217-W",NA,33,6.48906151515152,5.94,7.23,0.0581692966607452,NA,NA
"430","FIU_WQMP","218-W",NA,31,6.46160870967742,6.03,6.97,0.0439806230975438,NA,NA
"431","FIU_WQMP","219-W",NA,32,6.4502321875,6.12926,6.85,0.0353935389822152,NA,NA
"432","FIU_WQMP","220-W",NA,33,6.47532484848485,5.93,7.14,0.0561879355793259,NA,NA
"433","FIU_WQMP","222-W",NA,33,6.44916636363636,6.09,6.83,0.0363528284898012,NA,NA
"434","FIU_WQMP","223-W",NA,33,6.49000909090909,5.96,7.23,0.0564287499004988,NA,NA
"435","FIU_WQMP","224-W",NA,65,6.46070307692308,6.02,7.03,0.042675621215969,NA,NA
"436","FIU_WQMP","225-W",NA,33,6.45779727272727,6.10606,6.83,0.0352363907969341,NA,NA
"437","FIU_WQMP","226-W",NA,32,6.460120625,5.9,7.21,0.0549266819993178,NA,NA
"438","FIU_WQMP","227-W",NA,31,6.46522903225806,6.03,7.1,0.0496660615399556,NA,NA
"439","FIU_WQMP","228-W",NA,34,6.43858676470588,6.07,6.85,0.0355957004620843,NA,NA
"440","FIU_WQMP","229-W",NA,33,6.44918848484848,5.92,7.05,0.0501401924984102,NA,NA
"441","FIU_WQMP","230-W",NA,31,6.44710580645161,6.06,6.96,0.0434500237571132,NA,NA
"442","FIU_WQMP","231-W",NA,32,6.4485821875,6.09742,6.85,0.0359643128673449,NA,NA
"443","FIU_WQMP","232-W",NA,32,6.41152,6.02,7.07,0.0458890142672612,NA,NA
"444","FIU_WQMP","235-W",NA,32,6.428193125,5.85,6.94,0.0438946148967089,NA,NA
"445","FIU_WQMP","237-W",NA,65,6.41267846153846,6.04,6.83,0.0372756317297544,NA,NA
"446","FIU_WQMP","238-W",NA,33,6.42437757575758,5.89,7.2,0.0512341869798962,NA,NA
"447","FIU_WQMP","239-W",NA,33,6.42028151515152,6.04,7.06,0.0403362762897107,NA,NA
"448","FIU_WQMP","241-W",NA,32,6.4473090625,5.92,7.49,0.0616232349464924,NA,NA
"449","FIU_WQMP","242-W",NA,33,6.43927181818182,5.92,7.42,0.0578009997610244,NA,NA
"450","FIU_WQMP","243-W",NA,33,6.42029242424242,6.01,6.92,0.0371722462770649,NA,NA
"451","FIU_WQMP","244-W",NA,33,6.43311575757576,5.86,7.38,0.059332856480519,NA,NA
"452","FIU_WQMP","246-W",NA,33,6.41845575757576,6.01,6.91,0.0369277007666373,NA,NA
"453","FIU_WQMP","247-W",NA,33,6.41980424242424,5.9,7.4,0.0583662220726399,NA,NA
"454","FIU_WQMP","248-W",NA,33,6.41738363636364,5.92,6.99,0.0431612020134237,NA,NA
"455","FIU_WQMP","249-W",NA,64,6.42988375,6.03,6.93,0.0382666489559807,NA,NA
"456","FIU_WQMP","250-W",NA,33,6.41761272727273,5.86,7.31,0.0606581362359709,NA,NA
"457","FIU_WQMP","252-W",NA,33,6.40658363636364,6.06,6.91,0.0365792159151938,NA,NA
"458","FIU_WQMP","253-W",NA,36,6.46712527777778,5.97,7.5,0.058407429284159,NA,NA
"459","FIU_WQMP","254-W",NA,33,6.49193484848485,5.99,7.48,0.0593837604358006,NA,NA
"460","FIU_WQMP","255-W",NA,33,6.47768575757576,5.95,7.28,0.049986635925109,NA,NA
"461","FIU_WQMP","256-W",NA,32,6.4568521875,6.1,6.99,0.0376825655067547,NA,NA
"462","FIU_WQMP","259-W",NA,65,6.45920123076923,5.94,6.93,0.0405320401653142,NA,NA
"463","FIU_WQMP","260-W",NA,33,6.46761696969697,5.96,7.6,0.0603799197704034,NA,NA
"464","FIU_WQMP","263-W",NA,33,6.45552484848485,5.94,7.09,0.0410248696772503,NA,NA
"465","FIU_WQMP","264-W",NA,33,6.44086787878788,6.09,6.83,0.0356976184959305,NA,NA
"466","FIU_WQMP","266-W",NA,33,6.46664151515152,5.95,7.58,0.0605176966662921,NA,NA
"467","FIU_WQMP","267-W",NA,66,6.4444153030303,6.05,6.95,0.0388539746901757,NA,NA
"468","FIU_WQMP","268-W",NA,33,6.45722393939394,5.93,7.28,0.0567609682518304,NA,NA
"469","FIU_WQMP","269-W",NA,33,6.46185212121212,6,7.12,0.0512469639917593,NA,NA
"470","FIU_WQMP","270-W",NA,33,6.44003818181818,6.02,7.01,0.0422877995032496,NA,NA
"471","FIU_WQMP","271-W",NA,33,6.45926636363636,5.96,7.5,0.0577211887137192,NA,NA
"472","FIU_WQMP","272-W",NA,33,6.44665545454545,6.02,6.98,0.0450850261392749,NA,NA
"473","FIU_WQMP","273-W",NA,33,6.44582575757576,6.02,6.92,0.0412012844199928,NA,NA
"474","FIU_WQMP","275-W",NA,33,6.45312333333333,5.95,7.07,0.0491165200114206,NA,NA
"475","FIU_WQMP","276-W",NA,33,6.43972363636364,6.03,6.91,0.0400764826956489,NA,NA
"476","FIU_WQMP","278-W",NA,66,6.44818939393939,5.93,7.09,0.0476742874648959,NA,NA
"477","FIU_WQMP","280-W",NA,32,6.4303196875,6,6.91,0.0402361145789773,NA,NA
"478","FIU_WQMP","281-W",NA,33,6.44511090909091,5.97,7,0.0447767958448047,NA,NA
"479","FIU_WQMP","282-W",NA,30,6.451372,5.87,7.41,0.0622066178725628,NA,NA
"480","FIU_WQMP","284-W",NA,32,6.4144053125,5.87,7.37,0.0597589695152792,NA,NA
"481","FIU_WQMP","285-W",NA,33,6.36291878787879,5.87,7.12,0.0528605011057386,NA,NA
"482","FIU_WQMP","287-W",NA,33,6.44288878787879,5.88,7.68,0.0660884747576415,NA,NA
"483","FIU_WQMP","288-W",NA,32,6.444865625,5.91,7.3,0.058694372245844,NA,NA
"484","FIU_WQMP","289-W",NA,31,6.39231838709677,5.88,7.24,0.0549505103051221,NA,NA
"485","FIU_WQMP","290-W",NA,33,6.45245363636364,5.92,7.31,0.0572291706302376,NA,NA
"486","FIU_WQMP","291-W",NA,62,6.42278612903226,5.86,7.27,0.0542422134768125,NA,NA
"487","FIU_WQMP","292-W",NA,32,6.3910296875,5.82,7.26,0.0545713312204142,NA,NA
"488","FIU_WQMP","294-W",NA,33,6.40438,5.83,7.27,0.0545450952759218,NA,NA
"489","FIU_WQMP","295-W",NA,34,6.55131235294118,5.95848,7.53,0.0665266330198733,NA,NA
"490","FIU_WQMP","296-W",NA,64,6.53672625,5.92,7.65,0.069424809490445,NA,NA
"491","FIU_WQMP","298-W",NA,2,6.225,6.19,6.26,0.00795140155551131,NA,NA
"492","FIU_WQMP","301-W",NA,33,6.50724181818182,5.89,7.51,0.0683166113915911,NA,NA
"493","FIU_WQMP","302-W",NA,33,6.52971090909091,5.88,7.44,0.0688312187539538,NA,NA
"494","FIU_WQMP","305-W",NA,33,6.52976484848485,5.98131,7.42,0.0667611132933066,NA,NA
"495","FIU_WQMP","307-W",NA,33,6.53296151515152,5.9,7.59,0.0692929522386091,NA,NA
"496","FIU_WQMP","309-W",NA,33,6.48427636363636,5.97,7.26,0.0571798543273118,NA,NA
"497","FIU_WQMP","310-W",NA,74,6.40948324324324,5.96,7.04,0.0500261574581501,NA,NA
"498","FIU_WQMP","312-W",NA,34,6.51005529411765,5.94,7.17,0.0598153877506463,NA,NA
"499","FIU_WQMP","314-W",NA,33,6.49555,5.86,7.57,0.0689070183632383,NA,NA
"500","FIU_WQMP","315-W",NA,33,6.4832503030303,5.9,7.23,0.0556894007981889,NA,NA
"501","FIU_WQMP","316-W",NA,34,6.41364794117647,5.93,7.16,0.0511606171823273,NA,NA
"502","FIU_WQMP","317-W",NA,33,6.42906878787879,5.96,7.25,0.0517310904419564,NA,NA
"503","FIU_WQMP","318-W",NA,32,6.50478875,5.94,7.41,0.0573451337566358,NA,NA
"504","FIU_WQMP","319-W",NA,33,6.50810484848485,5.98,7.39,0.0547215593805229,NA,NA
"505","FIU_WQMP","322-W",NA,33,6.44135272727273,5.96,6.99,0.0411345960695148,NA,NA
"506","FIU_WQMP","324-W",NA,33,6.5043203030303,5.91,7.41,0.0532436482296742,NA,NA
"507","FIU_WQMP","325-W",NA,66,6.4426796969697,5.89,7.17,0.0535687506230616,NA,NA
"508","FIU_WQMP","328-W",NA,33,6.44940575757576,6.03,6.89,0.0369855098733329,NA,NA
"509","FIU_WQMP","330-W",NA,33,6.52042484848485,6,7.35,0.0498986056918571,NA,NA
"510","FIU_WQMP","332-W",NA,33,6.46013272727273,5.97,7.15,0.046695550544843,NA,NA
"511","FIU_WQMP","333-W",NA,32,6.456696875,5.93,7.06,0.0436204335660834,NA,NA
"512","FIU_WQMP","335-W",NA,33,6.45190787878788,6.03,6.92,0.0388316583474796,NA,NA
"513","FIU_WQMP","337-W",NA,32,6.4780571875,6.01,7.13,0.0444126166597538,NA,NA
"514","FIU_WQMP","400-W",NA,33,NA,NA,NA,NA,NA,NA
"515","FIU_WQMP","401-W",NA,33,6.41634515151515,6.06554,6.86,0.0375477288155839,NA,NA
"516","FIU_WQMP","402-W",NA,33,6.41134333333333,5.92,6.95,0.0399468576118638,NA,NA
"517","FIU_WQMP","403-W",NA,32,6.4499240625,6.01,6.91,0.0404582471203469,NA,NA
"518","FIU_WQMP","500-W",NA,32,6.459339375,5.87,7.32,0.0605489039510917,NA,NA
"519","FIU_WQMP","501-W",NA,41,6.47166707317073,5.81,7.57,0.0672174222538821,NA,NA
"520","FIU_WQMP","502-W",NA,39,6.43814641025641,5.81,6.98,0.0473824439542179,NA,NA
"521","FIU_WQMP","503-W",NA,39,6.33429794871795,5.65,7.21,0.0592989220729101,NA,NA
"522","FIU_WQMP","504-W",NA,34,6.39352235294118,5.81,7.31,0.0561886743131172,NA,NA
"523","FIU_WQMP","505-W",NA,33,6.34102060606061,5.85,7.23,0.0522921475474542,NA,NA
"524","FIU_WQMP","506-W",NA,34,6.45047705882353,5.9,7.75,0.0662456756648629,NA,NA
"525","FIU_WQMP","507-W",NA,36,6.40206,5.76,7.49,0.0649214724190359,NA,NA
"526","FIU_WQMP","508-W",NA,35,6.37331885714286,5.87,7.16,0.0508042228202121,NA,NA
"527","FIU_WQMP","509-W",NA,11,6.22514727272727,5.79,6.67,0.0543792105333697,NA,NA
"528","MiamiBeach","#1",NA,1,5.7,5.7,5.7,NA,NA,NA
"529","MiamiBeach","#10",NA,1,6.42,6.42,6.42,NA,NA,NA
"530","MiamiBeach","#11",NA,1,6.44,6.44,6.44,NA,NA,NA
"531","MiamiBeach","#12",NA,1,5.51,5.51,5.51,NA,NA,NA
"532","MiamiBeach","#13",NA,1,6.28,6.28,6.28,NA,NA,NA
"533","MiamiBeach","#14",NA,1,5.43,5.43,5.43,NA,NA,NA
"534","MiamiBeach","#15",NA,1,5.93,5.93,5.93,NA,NA,NA
"535","MiamiBeach","#16",NA,1,5.25,5.25,5.25,NA,NA,NA
"536","MiamiBeach","#17",NA,1,5.1,5.1,5.1,NA,NA,NA
"537","MiamiBeach","#18",NA,1,5.23,5.23,5.23,NA,NA,NA
"538","MiamiBeach","#19",NA,1,4.96,4.96,4.96,NA,NA,NA
"539","MiamiBeach","#2",NA,1,5.52,5.52,5.52,NA,NA,NA
"540","MiamiBeach","#20",NA,1,5.87,5.87,5.87,NA,NA,NA
"541","MiamiBeach","#21",NA,1,5.62,5.62,5.62,NA,NA,NA
"542","MiamiBeach","#22",NA,1,5.77,5.77,5.77,NA,NA,NA
"543","MiamiBeach","#23",NA,1,6.22,6.22,6.22,NA,NA,NA
"544","MiamiBeach","#24",NA,1,5.85,5.85,5.85,NA,NA,NA
"545","MiamiBeach","#3",NA,1,5.81,5.81,5.81,NA,NA,NA
"546","MiamiBeach","#3A",NA,1,1.85,1.85,1.85,NA,NA,NA
"547","MiamiBeach","#3B",NA,1,5.82,5.82,5.82,NA,NA,NA
"548","MiamiBeach","#4",NA,1,5.9,5.9,5.9,NA,NA,NA
"549","MiamiBeach","#5",NA,1,6.09,6.09,6.09,NA,NA,NA
"550","MiamiBeach","#6",NA,1,6.25,6.25,6.25,NA,NA,NA
"551","MiamiBeach","#7",NA,1,6.67,6.67,6.67,NA,NA,NA
"552","MiamiBeach","#8",NA,1,5.9,5.9,5.9,NA,NA,NA
"553","MiamiBeach","#9",NA,1,6.75,6.75,6.75,NA,NA,NA
"554","MiamiBeach","1",NA,11,3.75272727272727,1.49,5.7,0.400367997308394,NA,NA
"555","MiamiBeach","10",NA,11,4.44636363636364,3.04,6.18,0.251407368905118,NA,NA
"556","MiamiBeach","11",NA,11,4.67545454545455,3.43,6.18,0.188843899664761,NA,NA
"557","MiamiBeach","12",NA,11,3.77727272727273,2.18,5.47,0.257003900568851,NA,NA
"558","MiamiBeach","13",NA,11,4.71090909090909,3.37,7,0.245715720793715,NA,NA
"559","MiamiBeach","14",NA,11,4.46181818181818,3.24,5.92,0.183074553884447,NA,NA
"560","MiamiBeach","15",NA,11,4.38545454545455,3.33,6.14,0.198821259865429,NA,NA
"561","MiamiBeach","16",NA,55,4.87618181818182,1.58,12.88,0.42601067212708,NA,NA
"562","MiamiBeach","17",NA,90,4.77111111111111,1.46,9.2,0.322161621196476,NA,NA
"563","MiamiBeach","18",NA,55,4.59036363636364,1.25,9.2,0.375201445060903,NA,NA
"564","MiamiBeach","19",NA,91,5.24164835164835,0.02,14.31,0.371789442446034,NA,NA
"565","MiamiBeach","2",NA,52,13.5165384615385,0.01,446,4.52643674638026,NA,NA
"566","MiamiBeach","20",NA,11,4.62727272727273,2.28,6.55,0.332788507494289,NA,NA
"567","MiamiBeach","21",NA,51,5.28254901960784,1.46,10.27,0.324975493676866,NA,NA
"568","MiamiBeach","22",NA,87,6.3216091954023,1.56,70,1.12288436058163,NA,NA
"569","MiamiBeach","23",NA,52,7.25096153846154,1.58,71.9,1.35888113093349,NA,NA
"570","MiamiBeach","24",NA,51,6.8256862745098,0.76,69.7,1.34632320281038,NA,NA
"571","MiamiBeach","25",NA,49,6.91571428571429,0.85,79.5,1.55419372671153,NA,NA
"572","MiamiBeach","26",NA,51,5.97117647058823,0.31,48.1,1.06261472019842,NA,NA
"573","MiamiBeach","27",NA,51,13.2056862745098,0.27,366,3.86236570556782,NA,NA
"574","MiamiBeach","28",NA,51,5.9443137254902,0.62,46,1.01328186738245,NA,NA
"575","MiamiBeach","29",NA,51,5.54176470588235,0.38,27.1,0.646708957362949,NA,NA
"576","MiamiBeach","3",NA,11,4.24545454545455,2.28,6.98,0.348771013515964,NA,NA
"577","MiamiBeach","30",NA,51,5.49607843137255,0.33,30.14,0.720229921363163,NA,NA
"578","MiamiBeach","31",NA,51,6.29941176470588,0.31,38.2,1.00931319252129,NA,NA
"579","MiamiBeach","32",NA,51,5.32,0.39,24.9,0.619623006368321,NA,NA
"580","MiamiBeach","33",NA,51,117.129019607843,0.35,5389,6.44036512250339,NA,NA
"581","MiamiBeach","34",NA,87,6.85505747126437,0.3,102.6,1.62414033436432,NA,NA
"582","MiamiBeach","35",NA,51,5.96607843137255,0.81,66.4,1.47109145258121,NA,NA
"583","MiamiBeach","36",NA,51,13.8401960784314,0.52,383,3.86884216329306,NA,NA
"584","MiamiBeach","37",NA,51,6.14470588235294,1.76,58,1.23310268893431,NA,NA
"585","MiamiBeach","38",NA,87,13.3113793103448,0.86,640,5.12414969076013,NA,NA
"586","MiamiBeach","39",NA,50,6.3168,1.63,61.8,1.28907420208519,NA,NA
"587","MiamiBeach","3A",NA,17,3.73823529411765,1.18,8.44,0.65423874156419,NA,NA
"588","MiamiBeach","3B",NA,9,3.94666666666667,2.13,6.01,0.295354319145855,NA,NA
"589","MiamiBeach","3b",NA,1,5.86,5.86,5.86,NA,NA,NA
"590","MiamiBeach","4",NA,88,5.71772727272727,1.73,8.82,0.277855001311932,NA,NA
"591","MiamiBeach","40",NA,50,14.9752,1.63,452,4.23357439276237,NA,NA
"592","MiamiBeach","41",NA,11,7.78909090909091,2.91,44.6,1.57167110479854,NA,NA
"593","MiamiBeach","42",NA,64,10.81390625,2.07,337,3.83260002708482,NA,NA
"594","MiamiBeach","45",NA,26,21.1938461538462,3.48,416,3.79997578704226,NA,NA
"595","MiamiBeach","46",NA,61,12.3968852459016,3.8,416,4.2390884234736,NA,NA
"596","MiamiBeach","47",NA,62,5.70241935483871,3.54,9.88,0.227679700754573,NA,NA
"597","MiamiBeach","48",NA,26,5.49538461538462,3.59,9.2,0.256865156103791,NA,NA
"598","MiamiBeach","5",NA,11,4.66363636363636,2.51,5.99,0.235678818780693,NA,NA
"599","MiamiBeach","52",NA,61,14.8704918032787,2.28,571,4.86879631328588,NA,NA
"600","MiamiBeach","54",NA,61,5.68967213114754,2.17,10.75,0.236473252173473,NA,NA
"601","MiamiBeach","56",NA,59,13.1252542372881,3.7,436,4.26760189615248,NA,NA
"602","MiamiBeach","59",NA,25,5.2984,1.74,9.2,0.255649163961413,NA,NA
"603","MiamiBeach","6",NA,11,4.33454545454545,2.47,5.85,0.229634893758428,NA,NA
"604","MiamiBeach","60",NA,59,5.88779661016949,1.69,21.49,0.419971052177728,NA,NA
"605","MiamiBeach","61",NA,20,5.223,1.42,8.23,0.272131240976481,NA,NA
"606","MiamiBeach","62",NA,20,5.805,4.33,7.38,0.152750694198467,NA,NA
"607","MiamiBeach","63",NA,54,5.74907407407407,3.28,8.4,0.178517612304559,NA,NA
"608","MiamiBeach","64",NA,6,4.61666666666667,3.8,5.35,0.132436172378244,NA,NA
"609","MiamiBeach","66",NA,36,5.875,3.01,10.15,0.217061370633342,NA,NA
"610","MiamiBeach","67",NA,36,5.88805555555556,3.14,7.99,0.19245396646659,NA,NA
"611","MiamiBeach","68",NA,37,6.05972972972973,2.28,8.77,0.197644537533157,NA,NA
"612","MiamiBeach","69",NA,37,5.40918918918919,3.25,7.32,0.203684355301651,NA,NA
"613","MiamiBeach","7",NA,11,4.79545454545455,2.82,6.48,0.225651846089068,NA,NA
"614","MiamiBeach","70",NA,37,6.04459459459459,3.82,9.61,0.232121625471628,NA,NA
"615","MiamiBeach","71",NA,37,6.2072972972973,2.78,9.63,0.23974784662917,NA,NA
"616","MiamiBeach","74",NA,36,5.02666666666667,1.03,7.37,0.237122308024241,NA,NA
"617","MiamiBeach","78",NA,36,3.00416666666667,0.25,8.9,0.815803289904925,NA,NA
"618","MiamiBeach","79",NA,22,1.27136363636364,0.15,6.32,1.23347852480054,NA,NA
"619","MiamiBeach","8",NA,11,4.29909090909091,2.65,5.79,0.215169826050858,NA,NA
"620","MiamiBeach","81",NA,14,4.44785714285714,2.45,6.64,0.292028263906947,NA,NA
"621","MiamiBeach","82",NA,15,6.36133333333333,3.86,11.52,0.338709762203225,NA,NA
"622","MiamiBeach","83",NA,7,6.15714285714286,3.48,9.6,0.33685947070291,NA,NA
"623","MiamiBeach","84",NA,12,2.67666666666667,0.23,5.81,0.656031830266315,NA,NA
"624","MiamiBeach","9",NA,87,5.26689655172414,1.57,21.89,0.467657772054949,NA,NA
"625","PALMBEACH","11",NA,70,6.34114285714286,4.96,7.58,0.101114968925095,NA,NA
"626","PALMBEACH","12A",NA,42,6.325,2.11,10.95,0.247469049937665,NA,NA
"627","PALMBEACH","13",NA,71,6.43112676056338,3.98,8.95,0.131366924840105,NA,NA
"628","PALMBEACH","15",NA,42,3.07404761904762,0.64,6,0.428137797620911,NA,NA
"629","PALMBEACH","16",NA,42,4.76857142857143,0.84,8.14,0.406051286455835,NA,NA
"630","PALMBEACH","18C",NA,72,6.33722222222222,3.35,10.2,0.174616715250322,NA,NA
"631","PALMBEACH","18D",NA,72,6.67444444444444,4.73,8.76,0.13685300848687,NA,NA
"632","PALMBEACH","22",NA,39,8.44333333333333,4.95,11.16,0.165221025481979,NA,NA
"633","PALMBEACH","24",NA,42,8.395,6.17,10.77,0.141249106294703,NA,NA
"634","PALMBEACH","27A",NA,42,6.82309523809524,1.68,9.54,0.286946428082987,NA,NA
"635","PALMBEACH","27B",NA,38,5.19263157894737,0.93,11.29,0.467039039576498,NA,NA
"636","PALMBEACH","28",NA,42,7.00309523809524,3.03,10.37,0.235641972426585,NA,NA
"637","PALMBEACH","31B",NA,42,7.58666666666667,3.94,9.78,0.185952478201361,NA,NA
"638","PALMBEACH","31C",NA,41,7.04439024390244,2.95,13.78,0.299808705171815,NA,NA
"639","PALMBEACH","31E",NA,42,5.10238095238095,0.57,12.13,0.442692627770766,NA,NA
"640","PALMBEACH","37B",NA,39,6.40512820512821,2.36,9.57,0.267487463165468,NA,NA
"641","PALMBEACH","38B",NA,43,6.69116279069767,2.41,11.98,0.358767176885033,NA,NA
"642","PALMBEACH","39",NA,43,5.05302325581395,0.18,9.47,0.438410631064797,NA,NA
"643","PALMBEACH","43",NA,43,5.92744186046512,0.77,12.23,0.420982144772356,NA,NA
"644","PALMBEACH","C17S44",NA,9,7.29888888888889,5.79,9.45,0.143346816219262,NA,NA
"645","SFER","1",NA,56,NA,NA,NA,NA,NA,NA
"646","SFER","10",NA,66,NA,NA,NA,NA,NA,NA
"647","SFER","11",NA,55,NA,NA,NA,NA,NA,NA
"648","SFER","12",NA,108,NA,NA,NA,NA,NA,NA
"649","SFER","13",NA,54,NA,NA,NA,NA,NA,NA
"650","SFER","14",NA,55,NA,NA,NA,NA,NA,NA
"651","SFER","15",NA,57,NA,NA,NA,NA,NA,NA
"652","SFER","15.5",NA,59,NA,NA,NA,NA,NA,NA
"653","SFER","16",NA,79,NA,NA,NA,NA,NA,NA
"654","SFER","17",NA,58,NA,NA,NA,NA,NA,NA
"655","SFER","18",NA,114,NA,NA,NA,NA,NA,NA
"656","SFER","19",NA,56,NA,NA,NA,NA,NA,NA
"657","SFER","2",NA,85,NA,NA,NA,NA,NA,NA
"658","SFER","20",NA,56,NA,NA,NA,NA,NA,NA
"659","SFER","21.25",NA,1,NA,NA,NA,NA,NA,NA
"660","SFER","21.5",NA,66,NA,NA,NA,NA,NA,NA
"661","SFER","21LK",NA,116,NA,NA,NA,NA,NA,NA
"662","SFER","22",NA,60,NA,NA,NA,NA,NA,NA
"663","SFER","22.5",NA,55,NA,NA,NA,NA,NA,NA
"664","SFER","23",NA,57,NA,NA,NA,NA,NA,NA
"665","SFER","24",NA,59,NA,NA,NA,NA,NA,NA
"666","SFER","3",NA,62,NA,NA,NA,NA,NA,NA
"667","SFER","30",NA,111,NA,NA,NA,NA,NA,NA
"668","SFER","30.5",NA,54,NA,NA,NA,NA,NA,NA
"669","SFER","31",NA,105,NA,NA,NA,NA,NA,NA
"670","SFER","32",NA,58,NA,NA,NA,NA,NA,NA
"671","SFER","33",NA,104,NA,NA,NA,NA,NA,NA
"672","SFER","34",NA,57,NA,NA,NA,NA,NA,NA
"673","SFER","39",NA,49,NA,NA,NA,NA,NA,NA
"674","SFER","4",NA,44,NA,NA,NA,NA,NA,NA
"675","SFER","40",NA,52,NA,NA,NA,NA,NA,NA
"676","SFER","41",NA,69,NA,NA,NA,NA,NA,NA
"677","SFER","42",NA,56,NA,NA,NA,NA,NA,NA
"678","SFER","45",NA,88,NA,NA,NA,NA,NA,NA
"679","SFER","46",NA,56,NA,NA,NA,NA,NA,NA
"680","SFER","47",NA,66,NA,NA,NA,NA,NA,NA
"681","SFER","48",NA,55,NA,NA,NA,NA,NA,NA
"682","SFER","49",NA,55,NA,NA,NA,NA,NA,NA
"683","SFER","5",NA,44,NA,NA,NA,NA,NA,NA
"684","SFER","5.5",NA,45,NA,NA,NA,NA,NA,NA
"685","SFER","50",NA,54,NA,NA,NA,NA,NA,NA
"686","SFER","51",NA,69,NA,NA,NA,NA,NA,NA
"687","SFER","52",NA,54,NA,NA,NA,NA,NA,NA
"688","SFER","53",NA,51,NA,NA,NA,NA,NA,NA
"689","SFER","54",NA,69,NA,NA,NA,NA,NA,NA
"690","SFER","55",NA,71,NA,NA,NA,NA,NA,NA
"691","SFER","56",NA,74,NA,NA,NA,NA,NA,NA
"692","SFER","57",NA,79,NA,NA,NA,NA,NA,NA
"693","SFER","57.1",NA,100,NA,NA,NA,NA,NA,NA
"694","SFER","57.2",NA,115,NA,NA,NA,NA,NA,NA
"695","SFER","57.3",NA,124,NA,NA,NA,NA,NA,NA
"696","SFER","58",NA,95,NA,NA,NA,NA,NA,NA
"697","SFER","59",NA,58,NA,NA,NA,NA,NA,NA
"698","SFER","6",NA,49,NA,NA,NA,NA,NA,NA
"699","SFER","6.5",NA,51,NA,NA,NA,NA,NA,NA
"700","SFER","60",NA,83,NA,NA,NA,NA,NA,NA
"701","SFER","61",NA,56,NA,NA,NA,NA,NA,NA
"702","SFER","62",NA,56,NA,NA,NA,NA,NA,NA
"703","SFER","63",NA,54,NA,NA,NA,NA,NA,NA
"704","SFER","64",NA,48,NA,NA,NA,NA,NA,NA
"705","SFER","65",NA,51,NA,NA,NA,NA,NA,NA
"706","SFER","66",NA,52,NA,NA,NA,NA,NA,NA
"707","SFER","67",NA,53,NA,NA,NA,NA,NA,NA
"708","SFER","68",NA,57,NA,NA,NA,NA,NA,NA
"709","SFER","69",NA,42,NA,NA,NA,NA,NA,NA
"710","SFER","7",NA,63,NA,NA,NA,NA,NA,NA
"711","SFER","70",NA,42,NA,NA,NA,NA,NA,NA
"712","SFER","71",NA,1,NA,NA,NA,NA,NA,NA
"713","SFER","8",NA,57,NA,NA,NA,NA,NA,NA
"714","SFER","9",NA,117,NA,NA,NA,NA,NA,NA
"715","SFER","9.5",NA,142,NA,NA,NA,NA,NA,NA
"716","SFER","9.6",NA,5,NA,NA,NA,NA,NA,NA
"717","SFER","9.7",NA,5,NA,NA,NA,NA,NA,NA
"718","SFER","9.8",NA,4,NA,NA,NA,NA,NA,NA
"719","SFER","AC1",NA,1,NA,NA,NA,NA,NA,NA
"720","SFER","AC2",NA,2,NA,NA,NA,NA,NA,NA
"721","SFER","AC3",NA,2,NA,NA,NA,NA,NA,NA
"722","SFER","AC4",NA,2,NA,NA,NA,NA,NA,NA
"723","SFER","AC5",NA,2,NA,NA,NA,NA,NA,NA
"724","SFER","AC6",NA,2,NA,NA,NA,NA,NA,NA
"725","SFER","AMI1",NA,48,NA,NA,NA,NA,NA,NA
"726","SFER","AMI2",NA,53,NA,NA,NA,NA,NA,NA
"727","SFER","AMI3",NA,54,NA,NA,NA,NA,NA,NA
"728","SFER","AMI4",NA,51,NA,NA,NA,NA,NA,NA
"729","SFER","AMI5",NA,52,NA,NA,NA,NA,NA,NA
"730","SFER","AMI6",NA,52,NA,NA,NA,NA,NA,NA
"731","SFER","AMI7",NA,54,NA,NA,NA,NA,NA,NA
"732","SFER","AMI8",NA,54,NA,NA,NA,NA,NA,NA
"733","SFER","AMI9",NA,55,NA,NA,NA,NA,NA,NA
"734","SFER","BG1",NA,47,NA,NA,NA,NA,NA,NA
"735","SFER","BG10",NA,7,NA,NA,NA,NA,NA,NA
"736","SFER","BG11",NA,8,NA,NA,NA,NA,NA,NA
"737","SFER","BG12",NA,10,NA,NA,NA,NA,NA,NA
"738","SFER","BG13",NA,13,NA,NA,NA,NA,NA,NA
"739","SFER","BG14",NA,9,NA,NA,NA,NA,NA,NA
"740","SFER","BG15",NA,13,NA,NA,NA,NA,NA,NA
"741","SFER","BG16",NA,11,NA,NA,NA,NA,NA,NA
"742","SFER","BG17",NA,15,NA,NA,NA,NA,NA,NA
"743","SFER","BG18",NA,11,NA,NA,NA,NA,NA,NA
"744","SFER","BG2",NA,59,NA,NA,NA,NA,NA,NA
"745","SFER","BG20",NA,14,NA,NA,NA,NA,NA,NA
"746","SFER","BG3",NA,61,NA,NA,NA,NA,NA,NA
"747","SFER","BG4",NA,63,NA,NA,NA,NA,NA,NA
"748","SFER","BG6",NA,23,NA,NA,NA,NA,NA,NA
"749","SFER","BG7",NA,27,NA,NA,NA,NA,NA,NA
"750","SFER","BG8",NA,6,NA,NA,NA,NA,NA,NA
"751","SFER","BG9",NA,6,NA,NA,NA,NA,NA,NA
"752","SFER","BK1",NA,2,NA,NA,NA,NA,NA,NA
"753","SFER","CAL1",NA,46,NA,NA,NA,NA,NA,NA
"754","SFER","CAL2",NA,68,NA,NA,NA,NA,NA,NA
"755","SFER","CAL3",NA,68,NA,NA,NA,NA,NA,NA
"756","SFER","CAL4",NA,69,NA,NA,NA,NA,NA,NA
"757","SFER","CAL5",NA,69,NA,NA,NA,NA,NA,NA
"758","SFER","CAL6",NA,60,NA,NA,NA,NA,NA,NA
"759","SFER","CAL7",NA,2,NA,NA,NA,NA,NA,NA
"760","SFER","CAL8",NA,2,NA,NA,NA,NA,NA,NA
"761","SFER","CALA",NA,2,NA,NA,NA,NA,NA,NA
"762","SFER","CK1",NA,1,NA,NA,NA,NA,NA,NA
"763","SFER","CK2",NA,1,NA,NA,NA,NA,NA,NA
"764","SFER","CW1",NA,23,NA,NA,NA,NA,NA,NA
"765","SFER","CW2",NA,32,NA,NA,NA,NA,NA,NA
"766","SFER","CW3",NA,37,NA,NA,NA,NA,NA,NA
"767","SFER","CW4",NA,32,NA,NA,NA,NA,NA,NA
"768","SFER","CW5",NA,23,NA,NA,NA,NA,NA,NA
"769","SFER","CW6",NA,23,NA,NA,NA,NA,NA,NA
"770","SFER","CW7",NA,21,NA,NA,NA,NA,NA,NA
"771","SFER","Caseyhole",NA,2,NA,NA,NA,NA,NA,NA
"772","SFER","EB1",NA,2,NA,NA,NA,NA,NA,NA
"773","SFER","EB2",NA,2,NA,NA,NA,NA,NA,NA
"774","SFER","EH07",NA,2,NA,NA,NA,NA,NA,NA
"775","SFER","EH08",NA,2,NA,NA,NA,NA,NA,NA
"776","SFER","EKIN",NA,53,NA,NA,NA,NA,NA,NA
"777","SFER","EKMID",NA,55,NA,NA,NA,NA,NA,NA
"778","SFER","EKOFF",NA,55,NA,NA,NA,NA,NA,NA
"779","SFER","GP1",NA,8,NA,NA,NA,NA,NA,NA
"780","SFER","GP1.5",NA,2,NA,NA,NA,NA,NA,NA
"781","SFER","GP2",NA,8,NA,NA,NA,NA,NA,NA
"782","SFER","GP3",NA,8,NA,NA,NA,NA,NA,NA
"783","SFER","GP4",NA,8,NA,NA,NA,NA,NA,NA
"784","SFER","GP5",NA,73,NA,NA,NA,NA,NA,NA
"785","SFER","GS",NA,2,NA,NA,NA,NA,NA,NA
"786","SFER","Glider",NA,4,NA,NA,NA,NA,NA,NA
"787","SFER","HB1",NA,1,NA,NA,NA,NA,NA,NA
"788","SFER","HB2",NA,2,NA,NA,NA,NA,NA,NA
"789","SFER","HB3",NA,2,NA,NA,NA,NA,NA,NA
"790","SFER","HB4",NA,2,NA,NA,NA,NA,NA,NA
"791","SFER","HB5",NA,2,NA,NA,NA,NA,NA,NA
"792","SFER","HB6",NA,2,NA,NA,NA,NA,NA,NA
"793","SFER","Junkpile",NA,2,NA,NA,NA,NA,NA,NA
"794","SFER","KW1",NA,67,NA,NA,NA,NA,NA,NA
"795","SFER","KW2",NA,65,NA,NA,NA,NA,NA,NA
"796","SFER","KW3",NA,34,NA,NA,NA,NA,NA,NA
"797","SFER","KW4",NA,65,NA,NA,NA,NA,NA,NA
"798","SFER","L1",NA,18,NA,NA,NA,NA,NA,NA
"799","SFER","L3",NA,18,NA,NA,NA,NA,NA,NA
"800","SFER","L5",NA,18,NA,NA,NA,NA,NA,NA
"801","SFER","L7",NA,18,NA,NA,NA,NA,NA,NA
"802","SFER","L9",NA,21,NA,NA,NA,NA,NA,NA
"803","SFER","M01",NA,1,NA,NA,NA,NA,NA,NA
"804","SFER","M02",NA,1,NA,NA,NA,NA,NA,NA
"805","SFER","M03",NA,1,NA,NA,NA,NA,NA,NA
"806","SFER","M04",NA,1,NA,NA,NA,NA,NA,NA
"807","SFER","M05",NA,1,NA,NA,NA,NA,NA,NA
"808","SFER","MR",NA,113,NA,NA,NA,NA,NA,NA
"809","SFER","Mudhole",NA,2,NA,NA,NA,NA,NA,NA
"810","SFER","NaplesBlueHole",NA,2,NA,NA,NA,NA,NA,NA
"811","SFER","PLUME",NA,3,NA,NA,NA,NA,NA,NA
"812","SFER","ROME4",NA,22,NA,NA,NA,NA,NA,NA
"813","SFER","ROME5",NA,22,NA,NA,NA,NA,NA,NA
"814","SFER","RP1",NA,52,NA,NA,NA,NA,NA,NA
"815","SFER","RP2",NA,68,NA,NA,NA,NA,NA,NA
"816","SFER","RP3",NA,70,NA,NA,NA,NA,NA,NA
"817","SFER","RP4",NA,70,NA,NA,NA,NA,NA,NA
"818","SFER","RedTide",NA,2,NA,NA,NA,NA,NA,NA
"819","SFER","TB1",NA,51,NA,NA,NA,NA,NA,NA
"820","SFER","TB1 ",NA,1,NA,NA,NA,NA,NA,NA
"821","SFER","TB10",NA,54,NA,NA,NA,NA,NA,NA
"822","SFER","TB11",NA,6,NA,NA,NA,NA,NA,NA
"823","SFER","TB12",NA,3,NA,NA,NA,NA,NA,NA
"824","SFER","TB13",NA,4,NA,NA,NA,NA,NA,NA
"825","SFER","TB2",NA,60,NA,NA,NA,NA,NA,NA
"826","SFER","TB3",NA,61,NA,NA,NA,NA,NA,NA
"827","SFER","TB4",NA,60,NA,NA,NA,NA,NA,NA
"828","SFER","TB5",NA,59,NA,NA,NA,NA,NA,NA
"829","SFER","TB6",NA,3,NA,NA,NA,NA,NA,NA
"830","SFER","TB7",NA,4,NA,NA,NA,NA,NA,NA
"831","SFER","TB8",NA,4,NA,NA,NA,NA,NA,NA
"832","SFER","TB9",NA,5,NA,NA,NA,NA,NA,NA
"833","SFER","TBA",NA,2,NA,NA,NA,NA,NA,NA
"834","SFER","TBB",NA,2,NA,NA,NA,NA,NA,NA
"835","SFER","TBC",NA,2,NA,NA,NA,NA,NA,NA
"836","SFER","UKIN",NA,54,NA,NA,NA,NA,NA,NA
"837","SFER","UKMID",NA,54,NA,NA,NA,NA,NA,NA
"838","SFER","UKOFF",NA,55,NA,NA,NA,NA,NA,NA
"839","SFER","V1",NA,57,NA,NA,NA,NA,NA,NA
"840","SFER","V10",NA,3,NA,NA,NA,NA,NA,NA
"841","SFER","V11",NA,4,NA,NA,NA,NA,NA,NA
"842","SFER","V2",NA,61,NA,NA,NA,NA,NA,NA
"843","SFER","V3",NA,59,NA,NA,NA,NA,NA,NA
"844","SFER","V4",NA,62,NA,NA,NA,NA,NA,NA
"845","SFER","V5",NA,59,NA,NA,NA,NA,NA,NA
"846","SFER","V6",NA,63,NA,NA,NA,NA,NA,NA
"847","SFER","V7",NA,67,NA,NA,NA,NA,NA,NA
"848","SFER","V8",NA,60,NA,NA,NA,NA,NA,NA
"849","SFER","V9",NA,67,NA,NA,NA,NA,NA,NA
"850","SFER","WS",NA,114,NA,NA,NA,NA,NA,NA
"851","SFER","Z03027",NA,1,NA,NA,NA,NA,NA,NA
"852","SFER","Z03076",NA,2,NA,NA,NA,NA,NA,NA
"853","SFER","Z03116",NA,2,NA,NA,NA,NA,NA,NA
"854","SFER","Z03146",NA,2,NA,NA,NA,NA,NA,NA
"855","SFER","Z03198",NA,2,NA,NA,NA,NA,NA,NA
"856","SFER","Z04067",NA,4,NA,NA,NA,NA,NA,NA
"857","SFER","Z04068",NA,3,NA,NA,NA,NA,NA,NA
"858","SFER","Z04093",NA,1,NA,NA,NA,NA,NA,NA
"859","SFER","Z04099",NA,2,NA,NA,NA,NA,NA,NA
"860","SFER","Z04110",NA,2,NA,NA,NA,NA,NA,NA
"861","SFER","Z04610",NA,2,NA,NA,NA,NA,NA,NA
