"","program","Monitoring.Location.ID","slope","tau","chi_square","z","n_values","mean","min","max","coefficient.of.variation","significant_trend"
"1","BBAP","BB14",0,-0.0717514124293785,NA,0.372087702915565,59,0.00791525423728814,0.004,0.11,1.91030333205639,NA
"2","BBAP","BH22",0,0.223015873015873,NA,0.0823522150528067,43,0.00967441860465116,0.004,0.044,0.960882760632584,NA
"3","BBAP","CWA2",0,0.043859649122807,NA,0.710980299487387,39,0.00448717948717949,0.004,0.016,0.436444968496964,NA
"4","BBAP","CWA4",NA,NA,NA,NA,3,0.016,0.006,0.021,0.541265877365274,NA
"5","BBAP","CWA5",0.00475,0,0.343747002974378,1,15,0.0114,0.004,0.023,0.646135509132145,NA
"6","BBAP","DM00",NA,NA,NA,NA,4,0.00725,0.004,0.017,0.896551724137931,NA
"7","BBAP","DM08",0,-0.0518018018018018,0.155606992677702,0.495750891869757,74,0.0352567567567568,0.004,0.19,1.19204765160649,NA
"8","BBAP","DM28",NA,NA,NA,NA,2,0.0295,0.004,0.055,1.22245579120386,NA
"9","BBAP","FK01",NA,NA,NA,NA,1,0.004,0.004,0.004,NA,NA
"10","BBAP","JFK03",0,-0.0506172839506173,0.48728841039203,0.547161955005039,54,0.0222777777777778,0.004,0.21,1.87571255993771,NA
"11","BBAP","JT29",NA,NA,NA,NA,1,0.004,0.004,0.004,NA,NA
"12","BBAP","JT61",0,-0.17156862745098,0.73433867123366,0.900677814854914,35,0.0130857142857143,0.004,0.047,0.887595934782951,NA
"13","BBAP","JT66",0,0.016969696969697,NA,1,55,0.00707272727272727,0.004,0.085,1.70207251211499,NA
"14","BBAP","JT71",0,-0.123976608187135,NA,0.170438991986048,57,0.00687719298245614,0.004,0.067,1.46341755127327,NA
"15","BBAP","LR03",-0.00666666666666667,-0.16056338028169,0.318058901535828,0.203002592300062,71,0.251422535211268,0.004,0.41,0.343089821510672,NA
"16","BBAP","LR05",NA,NA,NA,NA,2,0.195,0.11,0.28,0.616452065649811,NA
"17","BBAP","LR06",NA,NA,NA,NA,2,0.275,0.22,0.33,0.282842712474619,NA
"18","BBAP","LRNSP",NA,NA,NA,NA,1,0.02,0.02,0.02,NA,NA
"19","BBAP","LRSC",NA,NA,NA,NA,1,0.077,0.077,0.077,NA,NA
"20","BBAP","LRSP",NA,NA,NA,NA,2,0.032,0.004,0.06,1.23743686707646,NA
"21","BBAP","LRUP",NA,NA,NA,NA,2,0.485,0.38,0.59,0.306169946493144,NA
"22","BBAP","MRDC",NA,NA,NA,NA,1,0.23,0.23,0.23,NA,NA
"23","BBAP","MRDW",NA,NA,NA,NA,1,0.13,0.13,0.13,NA,NA
"24","BBAP","MRMO",NA,NA,NA,NA,1,0.044,0.044,0.044,NA,NA
"25","BBAP","MRRB",0.0145,0.666666666666667,1,0.54029137460742,8,0.0165,0.004,0.036,0.766612766101425,NA
"26","BBAP","MRSC",-0.0145,-0.197368421052632,0.210971167789056,0.383425578029418,39,0.117871794871795,0.013,0.22,0.462011991132289,NA
"27","BBAP","RB1A",0.0015,0.5,NA,0.0466279594114741,22,0.014,0.004,0.05,0.970157231303231,NA
"28","BBAP","TOW1",NA,NA,NA,NA,1,0.37,0.37,0.37,NA,NA
"29","BBAP","TOW3",NA,NA,NA,NA,1,0.15,0.15,0.15,NA,NA
"30","BBAP","VR01",0,0.0522012578616352,NA,0.296269871484286,53,0.00730188679245283,0.004,0.078,1.78735458338099,NA
"31","BBAP","VR11",0,-0.21875,NA,0.757434173734711,32,0.01365625,0.004,0.13,1.65719993889513,NA
"32","BBAP","VS01",NA,NA,NA,NA,3,0.0176666666666667,0.004,0.045,1.33988836057215,NA
"33","BBAP","WQ01",NA,NA,NA,NA,3,0.0143333333333333,0.004,0.033,1.13000284774478,NA
"34","BBAP","WQ02",NA,NA,NA,NA,3,0.00766666666666667,0.004,0.011,0.458071902297945,NA
"35","BBAP","WQ04",NA,NA,NA,NA,3,0.0203333333333333,0.009,0.034,0.622735079122052,NA
"36","BROWARD","1",0.0012,0.0740740740740741,0.355426769973452,1,29,0.0888275862068966,0.007,0.293,0.821089810477075,NA
"37","BROWARD","10",-0.002,0.115384615384615,0.760801797617995,1,29,0.103793103448276,0.009,0.282,0.737878786566528,NA
"38","BROWARD","11",0.0062,0.368865740740741,0.48405969157216,0.00495619726936752,54,0.0907925925925926,0.006,0.286,0.913740989522463,NA
"39","BROWARD","110",0.00597142857142857,0.426923076923077,0.893335640795598,0.221823198306806,29,0.0489655172413793,0.003,0.172,0.960083881394552,NA
"40","BROWARD","111",0.01175,0.408,0.940077831208087,0.118288741075065,29,0.124472413793103,0.002,0.306,0.699230353937851,NA
"41","BROWARD","112",0.0085,0.321739130434783,0.96853578701973,0.21683275163487,28,0.143453571428571,0.015,0.344,0.655352884559475,NA
"42","BROWARD","12",0,0.116,0.61771318491247,1,29,0.165686206896552,0.018,0.386,0.662142921385902,NA
"43","BROWARD","120",-0.000333333333333333,0.0444444444444445,0.644018504607856,1,29,0.0978965517241379,0.004,0.321,0.797354808917949,NA
"44","BROWARD","121",5e-04,0.105555555555556,0.011459482031399,0.549755443554872,55,0.02822,0.002,0.161,1.23199666105432,NA
"45","BROWARD","122",-0.0028,-0.17687074829932,0.303936759953863,0.632765024237442,44,0.0643659090909091,0.006,0.188,0.726387767248536,NA
"46","BROWARD","123",0.0151,0.530434782608696,0.887381837153779,0.0183877670701736,27,0.178351851851852,0.022,0.333,0.48906963567966,NA
"47","BROWARD","124",0.002,0.0881438289601555,0.0371574049623815,0.584104290050889,54,0.275592592592593,0.003,0.565,0.474479382068123,NA
"48","BROWARD","125",0.01,0.361111111111111,0.882637188362673,0.190820987722155,27,0.100888888888889,0.004,0.287,0.785734160937623,NA
"49","BROWARD","128",-0.0157333333333333,-0.206060606060606,0.729825738870731,0.46737766274097,24,0.216458333333333,0.015,0.387,0.448858697648513,NA
"50","BROWARD","129",-0.00333333333333333,-0.0090909090909091,0.158107590593032,0.655910490044247,24,0.149375,0.004,0.395,0.693423785333202,NA
"51","BROWARD","14",0.003,0.228,0.121806618375936,0.736255207644077,29,0.0608275862068966,0.009,0.125,0.56331016465244,NA
"52","BROWARD","15",0.0156666666666667,0.343310657596372,0.582807042002149,0.0701743501419127,44,0.141718181818182,0.007,0.334,0.605472560267767,NA
"53","BROWARD","16",0.01,0.182608695652174,0.725963500787924,0.316502592255798,28,0.125189285714286,0.002,0.284,0.735783955341165,NA
"54","BROWARD","17",0.00375,-0.0233333333333333,0.221175437533229,0.904407009618643,24,0.103941666666667,0.006,0.229,0.694411080378582,NA
"55","BROWARD","19",0.024125,0.435658914728682,0.814746825368541,0.00598558951701542,45,0.188902222222222,0.006,0.36,0.442894411008466,NA
"56","BROWARD","2",0.00145833333333333,0.00512820512820513,0.505654134204566,0.806968367170738,29,0.103413793103448,0.006,0.278,0.786161447595283,NA
"57","BROWARD","20",0.01,0.167800453514739,0.592655494407436,0.290835535366942,44,0.167943181818182,0.008,0.417,0.588614502600822,NA
"58","BROWARD","22",-0.000333333333333333,0.0186666666666667,0.402642184483168,1,29,0.029448275862069,0.007,0.086,0.582721419856281,NA
"59","BROWARD","23",-0.002,-0.254244306418219,0.086316401294841,0.0165992800777358,52,0.0213846153846154,0.005,0.132,0.980557329462437,NA
"60","BROWARD","24",0.0037,0.241025641025641,0.512462867526961,0.625069839129129,29,0.145,0.013,0.342,0.693768521438198,NA
"61","BROWARD","25",-0.00373333333333333,-0.0256410256410256,0.42049352257503,0.544289624429402,29,0.202931034482759,0.004,0.35,0.530084283151538,NA
"62","BROWARD","26",0.0131666666666667,0.0564102564102564,0.721187382929279,0.90347891371923,29,0.182862068965517,0.012,0.378,0.545717941629772,NA
"63","BROWARD","28",-0.0141666666666667,-0.218666666666667,0.698319215922854,0.288844366346485,29,0.173827586206897,0.016,0.547,0.793681740751148,NA
"64","BROWARD","29",0.000166666666666667,0.048,0.236488251728524,1,29,0.048,0.004,0.3,1.38218496152184,NA
"65","BROWARD","3",-0.00204166666666667,-0.11025641025641,0.806156889350635,0.806968367170738,29,0.109724137931034,0.006,0.236,0.596521085761831,NA
"66","BROWARD","31",-0.000325,0.0106666666666667,0.644213146625064,0.719917853194446,29,0.026448275862069,0.004,0.098,0.796223468148721,NA
"67","BROWARD","32",-2e-04,-0.0533333333333333,0.342612190063246,0.536186771900174,29,0.0106896551724138,0.003,0.055,0.91559502837409,NA
"68","BROWARD","33",0.0024,0.174074074074074,0.904533029853921,0.557508379805611,29,0.0677586206896552,0.004,0.258,0.881195785633435,NA
"69","BROWARD","34",0.00166666666666667,0.392592592592593,0.574144623724815,0.0743642010544588,29,0.0211034482758621,0.004,0.1,0.94587824377062,NA
"70","BROWARD","35",0.001,0.198366013071895,0.103208060763204,0.136820685249016,54,0.0405555555555556,0.004,0.174,1.00730036684204,NA
"71","BROWARD","36",-0.000999999999999999,0.0592592592592593,0.256872378301643,1,29,0.0653448275862069,0.004,0.227,1.10297953477495,NA
"72","BROWARD","37",0.001,0.125925925925926,0.603301396924273,1,29,0.0701379310344828,0.004,0.186,0.947559016809073,NA
"73","BROWARD","38",0.00133333333333333,0.262820512820513,0.968903980817804,0.529819966170786,29,0.0558620689655172,0.006,0.162,0.759119156572315,NA
"74","BROWARD","39",0.004,0.113333333333333,0.156795742487608,0.501477977300432,28,0.0631428571428571,0.007,0.176,0.703977493245021,NA
"75","BROWARD","4",0.007875,0.264965986394558,0.00411047642168771,0.00508981529626272,54,0.0682407407407407,0.006,0.221,0.76945262981994,NA
"76","BROWARD","40",0.00183333333333333,0.107428571428571,0.0262941216166549,0.389371121603375,54,0.0477592592592593,0.006,0.124,0.593578326859641,NA
"77","BROWARD","41",0.00125,0.33974358974359,0.454353749835069,0.447278138969254,29,0.0432758620689655,0.004,0.15,0.943414397354568,NA
"78","BROWARD","5",0.00133333333333333,0.344,0.814659991904712,0.20901137913099,29,0.0537793103448276,0.007,0.186,0.897747910438646,NA
"79","BROWARD","6",0.00275,0.308,0.60745036948236,0.366052516444951,29,0.0420862068965517,0.005,0.158,0.864741690291217,NA
"80","BROWARD","64",0.009,0.238775510204082,0.468304295936827,0.450553137670666,44,0.119447727272727,0.002,0.259,0.626531710550517,NA
"81","BROWARD","7",0.000999999999999999,0.356521739130435,0.59693046294716,0.379079719907827,27,0.0372592592592593,0.002,0.173,1.00759863345026,NA
"82","BROWARD","8",0.0035,0.502564102564103,0.672849235724074,0.0648381569920665,29,0.0321724137931034,0.004,0.143,1.03756567401906,NA
"83","BROWARD","89",0.001375,0.402564102564103,0.920494961049706,0.114914864525574,29,0.022448275862069,0.003,0.095,0.930057829321653,NA
"84","DEP","BAK020",-0.000567625,-0.25944170771757,0.644401250063702,0.00817952963323198,87,0.0117211494252874,0.002715,0.04822,0.92915475052949,NA
"85","DEP","BAK021",-0.000761666666666667,-0.549534756431308,0.680319706812243,1.73560010630454e-09,87,0.00741345977011494,0.002715,0.039,0.777406978531039,NA
"86","DEP","BAK022",-0.000666666666666667,-0.427367268746579,0.0981323173943593,7.17847418485269e-06,87,0.00763586206896552,0.002715,0.024,0.679990022603348,NA
"87","DEP","BAK023",-0.0007875,-0.402736726874658,0.727284553915049,1.59858111191007e-05,87,0.00905122988505747,0.002715,0.03232,0.769165561708723,NA
"88","DEP","BAK024",-0.000732083333333333,-0.400656814449918,0.63327283653071,1.58074950993151e-05,87,0.00770826436781609,0.002715,0.04,0.771381786663838,NA
"89","DEP","BAK025",-0.000784833333333333,-0.488013136288998,0.432597878737989,1.27430330238355e-07,87,0.00755463218390805,0.002715,0.028,0.713544974102269,NA
"90","DEP","BAK026",-0.000768583333333333,-0.453749315818281,0.130460001838402,9.80735962057433e-07,87,0.00774922988505747,0.002715,0.036,0.726253189419946,NA
"91","DEP","BAK027",-0.000732083333333333,-0.507170224411604,0.598573726882981,3.10760242028738e-08,87,0.00743095402298851,0.002715,0.031,0.712252428667551,NA
"92","DEP","BAK028",-0.000722833333333333,-0.518992884510126,0.0390461504938158,2.99606222676397e-08,87,0.00652845977011494,0.002715,0.032,0.656503341294086,NA
"93","DEP","BAK029",-0.000717083333333333,-0.50519978106185,0.499436381862013,2.88804254030692e-08,87,0.00685420689655172,0.002715,0.024,0.595094099626227,NA
"94","DEP","BAK030",-0.000410675,-0.0568144499178982,0.208475505860706,0.651565128340198,87,0.0354895287356322,0.002715,0.171,1.11307415309068,NA
"95","DEP","BAK031",-0.000808833333333333,-0.407334428024083,0.929060413354403,5.02912766624309e-06,87,0.00983333333333333,0.002715,0.0612,1.08178735392151,NA
"96","DEP","BAK032",-0.000751,-0.45736179529283,0.0400659567032371,7.54064659020391e-07,87,0.00891254022988506,0.002715,0.081,1.17567752759043,NA
"97","DEP","BAK033",-0.000702916666666667,-0.488013136288998,0.408528013430471,8.6264755997563e-08,87,0.00732825287356322,0.002715,0.052,0.971769094460929,NA
"98","DEP","BOC070",0.00044,0.0636243386243386,0.471172712482849,0.455853406600513,90,0.0264833777777778,0.00272,0.238,1.28477965337416,NA
"99","DEP","BOC071",-0.000333333333333333,-0.19047619047619,0.191318115785278,0.0472719423299058,93,0.0105074946236559,0.002715,0.099,1.3119393994864,NA
"100","DEP","BOC072",-5e-04,-0.26461038961039,0.231465962435087,0.00350338727575106,88,0.00856429545454545,0.002715,0.088,1.19710931406894,NA
"101","DEP","BOC073",-0.00027325,-0.111471861471861,0.197650823145746,0.271141395980236,88,0.0135989204545455,0.002715,0.123,1.23843032706702,NA
"102","DEP","BOC074",-0.0005965,-0.435606060606061,0.339061924831805,8.19851190809446e-07,88,0.007336125,0.002715,0.082,1.22010908573047,NA
"103","DEP","BOC075",-0.00057125,-0.444264069264069,0.518031469233736,8.43423577276021e-07,88,0.006906875,0.002715,0.053,0.876276577517366,NA
"104","DEP","BOC076",-0.000333333333333333,-0.149425287356322,0.322923365782525,0.134625267852206,87,0.0144257586206897,0.002715,0.102,1.15259006854225,NA
"105","DEP","BOC077",-0.00057125,-0.443722943722944,0.612045419603587,5.05851636126932e-07,88,0.00620796590909091,0.002715,0.01905,0.510718543293759,NA
"106","DEP","BOC078",-0.0005475,-0.353354978354978,0.890758057543293,5.33813162334147e-05,88,0.00632944318181818,0.002715,0.019,0.562577289271461,NA
"107","DEP","BOC079",-0.000648,-0.441558441558442,0.750068306634239,4.04785871701101e-07,88,0.006152375,0.002715,0.02205,0.520358767060073,NA
"108","DEP","BOC080",5.375e-05,0.0151515151515152,0.997417597055894,0.935617518844575,88,0.0293414090909091,0.002715,0.1265,0.887346658299152,NA
"109","DEP","BOC081",-0.000568291666666667,-0.481060606060606,0.796712492212237,3.78843509253735e-08,88,0.0103084545454545,0.002715,0.2802,2.97587547487323,NA
"110","DEP","BOC082",-0.000500625,-0.333874458874459,0.841638106425799,0.000159453136500997,88,0.00784428409090909,0.002715,0.035,0.724013752686897,NA
"111","DEP","BOC083",-0.000333333333333333,-0.201298701298701,0.0369226144999949,0.0237122386805458,88,0.00818277272727273,0.002715,0.04464,0.948863558042835,NA
"112","DEP","BOY090",-0.00047925,-0.207006020799124,0.0667975648894764,0.030980466001236,87,0.0126105632183908,0.002715,0.1279,1.62433976918376,NA
"113","DEP","BOY091",-0.000655916666666667,-0.479802955665025,0.317374647358427,1.19191319737049e-07,87,0.00809205747126437,0.002715,0.072,1.27181979171881,NA
"114","DEP","BOY092",-0.000693333333333333,-0.527891156462585,0.927859447365708,7.47524782210033e-10,91,0.00641201098901099,0.002715,0.032,0.738962731278189,NA
"115","DEP","BOY093",-5e-04,-0.335413245758073,0.0386941552722357,0.000167092484439177,87,0.00919026436781609,0.002715,0.109,1.64334994957563,NA
"116","DEP","BOY094",-0.000666666666666667,-0.550519978106185,0.461936060755808,1.2164559990091e-09,87,0.00570668965517241,0.002715,0.02,0.549435214830989,NA
"117","DEP","BOY095",-0.000555833333333333,-0.450355774493706,0.327621577128867,3.09604037189439e-07,87,0.00579026436781609,0.002715,0.02094,0.542204153755603,NA
"118","DEP","BOY096",-0.000661833333333333,-0.621674876847291,0.910888831981091,1.77390594424375e-12,87,0.00547624137931035,0.002715,0.016,0.474908063027869,NA
"119","DEP","BOY097",-0.000666666666666667,-0.55719759168035,0.776286974532544,2.85819041651503e-10,87,0.00546958620689655,0.002715,0.013,0.455642968836738,NA
"120","DEP","BOY098",-0.00057125,-0.516584564860427,0.473623038618776,7.82649512636424e-09,87,0.0052768275862069,0.002715,0.015,0.392395649461911,NA
"121","DEP","BOY099",-0.00057125,-0.524356869184455,0.751141154046216,3.43571093698988e-09,87,0.00558441379310345,0.002715,0.01958,0.504168845785879,NA
"122","DEP","BOY100",-0.000580291666666667,-0.493377120963328,0.718200583977966,1.62395179745805e-08,87,0.00575628735632184,0.002715,0.01763,0.470200490276604,NA
"123","DEP","BOY101",-0.00057125,-0.487794198139026,0.336932126685468,8.6264755997563e-08,87,0.00656774712643678,0.002715,0.047,0.980432985890315,NA
"124","DEP","BOYPB4",NA,NA,NA,NA,1,0.002921,0.002921,0.002921,NA,NA
"125","DEP","GOC001",-0.000697083333333333,-0.298611111111111,0.684664831118683,0.00433014745867038,72,0.00943394444444444,0.002715,0.058,0.915018453657453,NA
"126","DEP","GOC002",-0.000857,-0.226760563380282,0.735809943893878,0.034856117652193,71,0.0115887887323944,0.002715,0.04008,0.773645728112427,NA
"127","DEP","GOC003",-0.0005445,-0.215492957746479,0.348534354267766,0.0506392112963803,71,0.0105438169014085,0.002715,0.05,0.810540504984679,NA
"128","DEP","GOC004",-0.000761666666666667,-0.457746478873239,0.83114312009192,1.13267856263611e-05,71,0.00616676056338028,0.002715,0.019,0.554970612756073,NA
"129","DEP","GOC005",-0.000457,-0.207042253521127,0.64744191280371,0.0484874938568829,71,0.00725621126760563,0.002715,0.03492,0.687550222230503,NA
"130","DEP","GOC006",-5e-04,-0.330985915492958,0.615908425072588,0.00123598667316498,71,0.00789595774647887,0.002715,0.06,1.13664377962304,NA
"131","DEP","GOC007",-0.000457,-0.232394366197183,0.490941409141582,0.0330025796958979,71,0.00698839436619718,0.002715,0.01702,0.523481624818945,NA
"132","DEP","GOC008",-0.00057125,-0.249295774647887,0.411005071653235,0.0206806789635064,71,0.007266,0.002715,0.024,0.634762136518666,NA
"133","DEP","GOC009",-0.00049725,-0.333802816901408,0.0397038788798705,0.0014268151506334,71,0.00638512676056338,0.002715,0.053,1.0031666929637,NA
"134","DEP","GOC010",-0.00057125,-0.452112676056338,0.138815252450623,9.3861451875419e-06,71,0.00579815492957747,0.002715,0.042,0.958531077405545,NA
"135","DEP","GOC011",-0.00057125,-0.266197183098592,0.231984724410177,0.0105100363371841,71,0.0076237323943662,0.002715,0.059,1.04038144459825,NA
"136","DEP","GOC012",-0.000622,-0.285915492957746,0.159057664193851,0.00533611744605052,71,0.00709270422535211,0.002715,0.052,0.938109063571844,NA
"137","DEP","GOC013",-0.00076,-0.454929577464789,0.370355856792126,6.15316177209159e-06,71,0.00588215492957747,0.002715,0.048,0.966180454169259,NA
"138","DEP","GOC014",-0.0001345,-0.0225352112676056,0.30985929520584,0.868301843258612,71,0.017957323943662,0.002715,0.0582,0.738843958462598,NA
"139","DEP","GOC015",-0.0007896,-0.314084507042254,0.68540080260577,0.00271349572021567,71,0.00852757746478873,0.002715,0.048,0.797737960599568,NA
"140","DEP","HIL050",-0.00025,-0.0813269127875869,0.205784624890126,0.445384897419487,89,0.0192561685393258,0.002715,0.1141,1.18968703580694,NA
"141","DEP","HIL051",-0.000587725,-0.420050125313283,0.490561555269289,7.82194576892297e-07,95,0.00682129473684211,0.002715,0.02206,0.554446316777737,NA
"142","DEP","HIL052",-0.000146666666666667,-0.105519480519481,0.0902827831746758,0.307702762651408,88,0.0156714204545455,0.002715,0.09363,1.17122367458359,NA
"143","DEP","HIL053",-0.000591742857142857,-0.391774891774892,0.634731197598383,1.57516944037534e-05,88,0.00880877272727273,0.002715,0.04742,0.986220424609675,NA
"144","DEP","HIL054",-5e-04,-0.428030303030303,0.162702572418238,1.94811095543862e-06,88,0.00572573863636364,0.002715,0.01934,0.432803851982519,NA
"145","DEP","HIL055",-0.0005475,-0.348484848484848,0.0693400645058794,0.000222752206506067,88,0.00789732954545455,0.002715,0.071,1.0252567183995,NA
"146","DEP","HIL056",-0.00057125,-0.393398268398268,0.463345468791863,1.57516944037534e-05,88,0.00939323863636364,0.002715,0.16,1.86693952440021,NA
"147","DEP","HIL057",-0.00055025,-0.223484848484849,0.382752573764896,0.0158353067905571,88,0.012654875,0.002715,0.0904,1.18622387085999,NA
"148","DEP","HIL058",-0.000395666666666667,-0.210497835497835,0.129417785962708,0.0340103651120959,88,0.00852301136363636,0.002715,0.04458,0.779007838404169,NA
"149","DEP","HIL059",-0.000656,-0.34469696969697,0.345271798863851,0.000187065614401346,88,0.00932269318181818,0.002715,0.05582,1.0187938559741,NA
"150","DEP","HIL060",0.00403875,0.168831168831169,0.586264653762076,0.0631800205677339,88,0.0453777727272727,0.002715,0.212,1.06119162853139,NA
"151","DEP","HIL061",-0.000578958333333333,-0.347943722943723,0.922592823418193,0.000101488175525038,88,0.00732329545454545,0.002715,0.05078,0.818648972555278,NA
"152","DEP","HIL062",-0.000666666666666667,-0.226190476190476,0.000352010141142611,0.01261434339305,88,0.0113928181818182,0.002715,0.07748,1.07096132856489,NA
"153","DEP","HIL063",-0.000666666666666667,-0.534632034632035,0.845464561262115,1.4315245701662e-09,88,0.00675613636363636,0.002715,0.046,0.962844997953472,NA
"154","DEP","ILW110",-0.00069595,-0.576792556102901,0.320085057638007,4.90373965198913e-11,87,0.00818724137931034,0.002715,0.158,2.13074481805742,NA
"155","DEP","ILW111",-0.000714166666666667,-0.696661193212917,0.999944420755406,2.94316231865561e-15,87,0.00658548275862069,0.002715,0.061,1.16426129842359,NA
"156","DEP","ILW112",-0.000761666666666667,-0.796825396825397,0.999989197474837,6.72746463172606e-20,87,0.00543833333333333,0.002715,0.029,0.672915467671603,NA
"157","DEP","ILW113",-0.000666666666666667,-0.614668856048166,0.383417882440841,1.82742901009673e-12,87,0.00684928735632184,0.002715,0.092,1.51354822568085,NA
"158","DEP","ILW114",-0.000761666666666667,-0.725232621784346,0.998651367250454,2.35743149166293e-16,87,0.00564540229885057,0.002715,0.023,0.701087888856749,NA
"159","DEP","ILW115",-0.000761666666666667,-0.657792207792208,0.964794580110501,3.67224437760155e-14,88,0.00591434090909091,0.002715,0.031,0.723134514709793,NA
"160","DEP","ILW116",-0.00076,-0.701587301587302,0.999818852354633,2.2702173595073e-15,87,0.00574926436781609,0.002715,0.038,0.802578287092691,NA
"161","DEP","ILW117",-0.000702916666666667,-0.647619047619048,0.981379599512612,1.35425840212028e-13,87,0.00548179310344828,0.002715,0.023,0.556847474230515,NA
"162","DEP","ILW118",-0.00076,-0.692063492063492,0.960135637174668,1.81115298515182e-15,87,0.00561150574712644,0.002715,0.024,0.629689480897767,NA
"163","DEP","ILW119",-0.000760833333333333,-0.776082251082251,0.999631109697585,3.2227207423945e-19,88,0.00517347727272727,0.002715,0.023,0.55131899435032,NA
"164","DEP","JUP120",-0.000820625,-0.424630541871921,0.613674974878497,2.40517142132746e-06,87,0.00855965517241379,0.002715,0.05626,0.906023308239538,NA
"165","DEP","JUP121",-0.000761666666666667,-0.654844006568145,0.964681223642138,9.09507965943941e-14,87,0.0057406091954023,0.002715,0.031,0.690281326310294,NA
"166","DEP","JUP122",-0.000666666666666667,-0.600875752599891,0.657793539025572,1.27376889286176e-11,87,0.00558048275862069,0.002715,0.019,0.504584818578757,NA
"167","DEP","JUP123",-0.000661833333333333,-0.462835249042146,0.571234699742861,1.45393540777699e-07,87,0.006328,0.002715,0.029,0.634525531428752,NA
"168","DEP","JUP124",-0.000666666666666667,-0.633059660645867,0.876357681016365,1.66594950000751e-13,87,0.00577102298850575,0.002715,0.023,0.646305404544485,NA
"169","DEP","JUP125",-0.000714166666666667,-0.67903667214012,0.67549078222101,3.43148204957746e-15,87,0.00608559770114943,0.002715,0.04828,0.933227712187275,NA
"170","DEP","JUP126",-0.00057125,-0.542528735632184,0.850691487824957,2.40431824917164e-10,87,0.00584893103448276,0.002715,0.025,0.637621201903499,NA
"171","DEP","JUP127",-0.00076,-0.633169129720854,0.906936441378857,4.02664392769373e-13,87,0.00584391954022989,0.002715,0.022,0.659440882762826,NA
"172","DEP","JUP128",-0.000666666666666667,-0.682430213464696,0.965113025858152,4.37772852433984e-15,87,0.00569845977011494,0.002715,0.023,0.663568213966885,NA
"173","DEP","JUP129",-0.00076,-0.636453201970443,0.980354479665947,5.00816323057678e-13,87,0.00590767816091954,0.002715,0.022,0.612602517398562,NA
"174","DEP","PEV040",0,-0.00875752599890532,0.815399780989699,1,87,0.0182633563218391,0.00272,0.129,0.966530958370217,NA
"175","DEP","PEV041",0,-0.0326217843459223,0.972482432938739,0.837182487011586,87,0.0169270114942529,0.002715,0.097,0.931417107965419,NA
"176","DEP","PEV042",-0.00025,-0.0987411056376574,0.505642418092258,0.344236889386811,87,0.0132627011494253,0.002715,0.067,0.842181706450878,NA
"177","DEP","PEV043",-0.0004375,-0.137391774891775,0.325948289505972,0.212653234558048,88,0.0126127840909091,0.002715,0.112,1.12169534889893,NA
"178","DEP","PEV044",-0.0005475,-0.333658008658009,0.288110437729595,0.000181908232680313,88,0.00710768181818182,0.002715,0.028,0.694948964483809,NA
"179","DEP","PEV045",-0.0005475,-0.404378762999453,0.607459889259089,1.30129212832411e-05,87,0.00791603448275862,0.002715,0.031,0.743408874643698,NA
"180","DEP","PEV046",-0.0005655,-0.330815544608648,0.0420035700247281,0.000507176690470524,87,0.00804827586206897,0.002715,0.03434,0.741510969052592,NA
"181","DEP","PEV047",-5e-04,-0.298631636562671,0.151234541520301,0.00181103699979374,87,0.00748722988505747,0.002715,0.026,0.646639106898476,NA
"182","DEP","PEV048",-5e-04,-0.360372194854953,0.200043215703457,0.000130457900520843,87,0.00734516091954023,0.002715,0.034,0.71757234671098,NA
"183","DEP","PEV049",-0.000714166666666667,-0.569239189928845,0.650873372913494,3.21522247144303e-10,87,0.00697632183908046,0.002715,0.04445,0.869144835853418,NA
"184","DEP","PEV050",-0.001341875,-0.0909688013136289,0.796305112323844,0.326783416018054,87,0.0473404252873563,0.002715,0.256,1.14093625419022,NA
"185","DEP","PEV051",-0.00052475,-0.238970990695129,0.649538809814618,0.00921460756997943,87,0.0107818045977011,0.002715,0.062,1.07417786722815,NA
"186","DEP","PEV052",-0.00057125,-0.481882868089765,0.644912498064478,1.19191319737049e-07,87,0.0064147816091954,0.002715,0.032,0.690855671107172,NA
"187","DEP","PEV053",-0.000661833333333333,-0.618281335522715,0.708336324559869,7.23068618163444e-13,87,0.00582519540229885,0.002715,0.022,0.620557179855527,NA
"188","DEP","STL161",-0.000666666666666667,-0.184722222222222,0.176308153155321,0.0608455225642437,72,0.0167578472222222,0.002715,0.094,1.3117786463581,NA
"189","DEP","STL162",-0.000761666666666667,-0.397716894977169,0.468075069780463,0.000119960044648334,73,0.0102333424657534,0.002715,0.07049,1.17784620337761,NA
"190","DEP","STL163",-0.000666666666666667,-0.321759259259259,0.273131326434429,0.000925572194775165,72,0.00874377777777778,0.002715,0.04992,1.00573455863578,NA
"191","DEP","STL164",-0.000706666666666667,-0.395305164319249,0.131967618807985,4.59620857155384e-05,71,0.00719567605633803,0.002715,0.06461,1.10899162764589,NA
"192","DEP","STL165",-0.0006319,-0.365277777777778,0.164231958589187,0.000174367404922273,72,0.00673956944444444,0.002715,0.06717,1.20359811676215,NA
"193","DEP","STL166",-0.000571,-0.224537037037037,0.178690230593978,0.0250244452957674,72,0.009888875,0.002715,0.062,1.09122266342773,NA
"194","DEP","STL167",-0.00076,-0.490277777777778,0.391202692186911,1.10386999852496e-06,72,0.00645545833333333,0.002715,0.031,0.849670562320568,NA
"195","DEP","STL168",-0.00057125,-0.373611111111111,0.566129911262851,0.000119095567566992,72,0.00624472222222222,0.002715,0.03195,0.791740439065256,NA
"196","DEP","STL169",-0.000631083333333333,-0.266203703703704,0.12962416889936,0.0100978855755257,72,0.0108406805555556,0.002715,0.068,1.29917557736887,NA
"197","DEP","STL170",-0.0006505,-0.338425925925926,0.27831272019393,0.000694777845962816,72,0.00659168055555556,0.002715,0.025,0.717400469888862,NA
"198","DEP","STL171",-0.000552133333333333,-0.279166666666667,0.766371428494065,0.00699322669441697,72,0.00934483333333333,0.002715,0.0486,0.999839464763369,NA
"199","DEP","STL172",-0.0004785,-0.217592592592593,0.60977058455883,0.0259930176169509,72,0.00700258333333333,0.002715,0.03293,0.791224403749603,NA
"200","DEP","STLMC1",NA,NA,NA,NA,1,0.01577,0.01577,0.01577,NA,NA
"201","DERM_BBWQ","AC01",0.0015,0.117759103641457,0.651572748493244,0.243208596520383,85,0.0782588235294118,0.005,0.293,0.636192554565697,NA
"202","DERM_BBWQ","AC02",-0.02,-0.428571428571429,0.455944671328636,0.449691797968891,19,0.0966315789473684,0.005,0.164,0.491436205339169,NA
"203","DERM_BBWQ","AC03",0.00473333333333333,0.0940623162845385,0.592622857476684,0.330757873646019,81,0.133382716049383,0.03,0.452,0.654303561264162,NA
"204","DERM_BBWQ","AC06",0.01,0.318095238095238,0.0989167540988428,0.000148321635965213,85,0.0756,0.005,0.437,1.1342217503845,NA
"205","DERM_BBWQ","AR03",-0.0045,-0.324817927170868,0.628705487823852,0.00147964703689328,85,0.0607529411764706,0.005,0.243,0.852504330640802,NA
"206","DERM_BBWQ","BB01A",-0.04,-0.142857142857143,0.334260952079015,1,19,0.0631052631578947,0.005,0.156,0.854993742746317,NA
"207","DERM_BBWQ","BB02",-0.001,-0.106218487394958,0.930306229232487,0.312073353780655,85,0.0534470588235294,0.005,0.235,1.05113529749199,NA
"208","DERM_BBWQ","BB04",-0.001,-0.151505199781062,0.762192659526075,0.111715595634621,87,0.0323103448275862,0.005,0.11,0.948579045047126,NA
"209","DERM_BBWQ","BB05A",-0.001,-0.136134453781513,0.757960699236471,0.111359889702713,85,0.0233764705882353,0.005,0.121,0.916298563235737,NA
"210","DERM_BBWQ","BB08",-0.0042,-0.232444444444444,0.882354581489367,0.0184780343038674,75,0.0538266666666667,0.005,0.209,0.936913793444359,NA
"211","DERM_BBWQ","BB09",-0.001,-0.250738916256158,0.582488520326904,0.00913504180631805,87,0.0206666666666667,0.005,0.08,0.930559119772317,NA
"212","DERM_BBWQ","BB10",-0.000833333333333333,-0.201315789473684,0.193308644038963,0.0448622711529148,76,0.0167236842105263,0.005,0.091,1.03304175057846,NA
"213","DERM_BBWQ","BB11",-0.003,-0.233497536945813,0.0433139443673182,0.00820891383131923,87,0.0402988505747126,0.005,0.188,0.908072848023477,NA
"214","DERM_BBWQ","BB13",NA,NA,NA,NA,2,0.0125,0.005,0.02,0.848528137423857,NA
"215","DERM_BBWQ","BB13A",0.005,0.213675213675214,NA,0.27778105063367,39,0.0368205128205128,0.005,0.262,1.33233784387279,NA
"216","DERM_BBWQ","BB14",-0.00166666666666667,-0.509635854341737,0.918173288276862,4.61918506428514e-09,85,0.0178,0.005,0.156,1.29491756094771,NA
"217","DERM_BBWQ","BB15",0,0.0569105691056911,NA,0.429462183478913,41,0.017609756097561,0.005,0.182,1.58844895900997,NA
"218","DERM_BBWQ","BB15A",-0.00354166666666667,-0.347297297297297,0.914128006180612,0.00150570934239126,74,0.0361891891891892,0.005,0.331,1.29280681820092,NA
"219","DERM_BBWQ","BB17",-0.0025,-0.371410533910534,0.823071956516001,3.63897409245151e-05,88,0.02075,0.005,0.08,0.881520031877947,NA
"220","DERM_BBWQ","BB18",-0.00129166666666667,-0.261333333333333,0.504061767393452,0.0111024857647926,75,0.01964,0.005,0.08,0.65636767938736,NA
"221","DERM_BBWQ","BB22",-0.000999999999999999,-0.18128078817734,0.298270207145235,0.051523007996675,87,0.0187816091954023,0.005,0.132,0.944750322725474,NA
"222","DERM_BBWQ","BB24",-0.001,-0.264094143404488,0.397660582188434,0.00364414942343476,87,0.0166436781609195,0.005,0.07,0.868945121994313,NA
"223","DERM_BBWQ","BB25",0,-0.032258064516129,NA,1,31,0.0200645161290323,0.005,0.1,1.16570787048662,NA
"224","DERM_BBWQ","BB26",0,-0.0682539682539682,0.497343839926821,0.745170822204941,63,0.0186190476190476,0.005,0.081,0.774619877484047,NA
"225","DERM_BBWQ","BB28",0,-0.125,NA,0.551148798705874,32,0.0146875,0.005,0.103,1.35580741957057,NA
"226","DERM_BBWQ","BB31",-5e-04,-0.157871148459384,0.217164975608292,0.136303416399524,85,0.0201647058823529,0.005,0.1,0.830067704897956,NA
"227","DERM_BBWQ","BB32",0,0.0628930817610063,0.772949779497391,0.736221860819131,53,0.0181320754716981,0.005,0.085,0.830864118202099,NA
"228","DERM_BBWQ","BB34",0,-0.0452107279693486,0.660914723614225,0.774195268100452,87,0.0283103448275862,0.005,0.17,0.96296946876945,NA
"229","DERM_BBWQ","BB37",-0.000833333333333333,-0.411224489795918,0.849967697401558,1.43633868980978e-06,84,0.0104047619047619,0.005,0.079,0.970446118948859,NA
"230","DERM_BBWQ","BB38",-5e-04,-0.262408963585434,0.832027812311057,0.00702104125606531,85,0.0161647058823529,0.005,0.153,1.40473736860181,NA
"231","DERM_BBWQ","BB39A",0.00578571428571428,0.132457580733443,0.882478685875964,0.141998536137469,87,0.111494252873563,0.005,0.49,0.855922734541406,NA
"232","DERM_BBWQ","BB41",0.00333333333333333,0.248056923918993,0.357123108438237,0.00394417067175603,87,0.059,0.005,0.404,1.13491940781046,NA
"233","DERM_BBWQ","BB47",4e-04,0.121176470588235,0.153331242839885,0.0756566822584174,85,0.023635294117647,0.005,0.14,1.22002622119356,NA
"234","DERM_BBWQ","BB48",0,0.0460526315789474,0.0660128882051465,0.468120081497,76,0.0220657894736842,0.005,0.147,1.21568416544278,NA
"235","DERM_BBWQ","BB50",0,-0.0251540616246499,0.00650969979795102,1,85,0.0191647058823529,0.005,0.228,1.41189284656335,NA
"236","DERM_BBWQ","BB51",0,-0.0718767507002801,0.0106330387364103,0.435299880655536,85,0.0182117647058824,0.005,0.13,1.11676529804065,NA
"237","DERM_BBWQ","BB53",NA,NA,NA,NA,1,0.01,0.01,0.01,NA,NA
"238","DERM_BBWQ","BBKB1",0,-0.0880503144654088,0.752358751067792,0.429906175065904,53,0.0133207547169811,0.005,0.053,0.785940507324213,NA
"239","DERM_BBWQ","BBMB1",-0.00125,-0.18631636562671,0.276245391932058,0.0503620728782686,87,0.0239770114942529,0.005,0.144,0.919262833826464,NA
"240","DERM_BBWQ","BBMB2",-0.00129166666666667,-0.221491228070175,0.426758403092232,0.0354981313206625,76,0.0225394736842105,0.005,0.12,0.796276704003255,NA
"241","DERM_BBWQ","BBMB3",-0.003,-0.365789473684211,0.726335910050829,0.000219820582672973,76,0.0246447368421053,0.005,0.09,0.695797779239195,NA
"242","DERM_BBWQ","BBMB4",-0.003,-0.509649122807018,0.680347351538461,1.28553930199619e-07,76,0.0165921052631579,0.005,0.07,0.763891638738202,NA
"243","DERM_BBWQ","BBOR1",0,0.212765957446809,NA,0.139329856097872,47,0.0223404255319149,0.005,0.143,1.22398044419543,NA
"244","DERM_BBWQ","BBOR2",0.002,0.127659574468085,0.193917671906915,0.339178523816153,47,0.0285106382978723,0.005,0.174,1.08853942730016,NA
"245","DERM_BBWQ","BBY1",-0.015,-0.714285714285714,0.753447428374087,0.130570018115736,19,0.0258947368421053,0.005,0.067,0.701161905388077,NA
"246","DERM_BBWQ","BBY4",-0.0035,-0.25,0.378736906048213,0.723673609831763,20,0.04125,0.005,0.1,0.716944202442343,NA
"247","DERM_BBWQ","BISC101",0.00199999999999999,0.0569786535303777,0.336055446667376,0.465514664483821,87,0.128712643678161,0.005,0.65,1.01562813470734,NA
"248","DERM_BBWQ","BISC121",0,0.00425770308123249,0.102448786380736,0.599076132684785,85,0.0229882352941176,0.005,0.166,1.39624178207676,NA
"249","DERM_BBWQ","BISC122",0.0025,0.239159663865546,0.538740872626025,0.00483418621396847,85,0.0617764705882353,0.005,0.397,1.36496703093622,NA
"250","DERM_BBWQ","BISC127",0,-0.0417077175697865,0.649745093942493,0.800714976540792,87,0.0259655172413793,0.005,0.153,1.17740212692123,NA
"251","DERM_BBWQ","BL01",0.052,0.212121212121212,0.0888161938282996,0.746673172628958,33,0.395939393939394,0.01,1.02,0.695563399436225,NA
"252","DERM_BBWQ","BL02",-0.03575,-0.161290322580645,0.299543429849134,0.588000152422783,31,0.492096774193548,0.035,0.879,0.498069779601953,NA
"253","DERM_BBWQ","BL03",0.0154,0.131143951833607,0.340095099983264,0.195951850418455,87,0.543195402298851,0.101,1.33,0.514248259969484,NA
"254","DERM_BBWQ","BL04",-0.055,-0.333333333333333,0.433470120366709,0.504985075093846,21,0.629904761904762,0.267,1.1,0.386851636959903,NA
"255","DERM_BBWQ","BL05",-0.036,-0.111111111111111,0.351755770157338,1,21,0.600809523809524,0.189,1.07,0.440417444641424,NA
"256","DERM_BBWQ","BL06",-0.1006,-0.346491228070175,0.903802092180691,0.000560486042626315,76,0.901065789473684,0.012,2.39,0.612003096293703,NA
"257","DERM_BBWQ","BL12",-0.00183333333333333,-0.261556329849013,0.13336220574369,0.0043430436914682,82,0.0381951219512195,0.005,0.902,2.77625226401295,NA
"258","DERM_BBWQ","BS01",-0.00625,-0.12911877394636,0.475231192357959,0.156903678379361,87,0.112574712643678,0.01,0.457,0.939056645323263,NA
"259","DERM_BBWQ","BS04",-0.0016,-0.0189381499726327,0.374985210153891,0.713773946746907,87,0.197494252873563,0.005,0.45,0.582292288850763,NA
"260","DERM_BBWQ","BS07",0.01425,0.1875,0.546872100344403,0.862490230135922,32,0.19640625,0.005,0.494,0.735856332137728,NA
"261","DERM_BBWQ","BS08",-0.125,-0.5,0.539749350395557,0.288844366346485,20,0.28235,0.005,0.598,0.60914513204475,NA
"262","DERM_BBWQ","BS09",-0.105,-0.75,0.835225482610342,0.0770998717435418,20,0.28565,0.005,0.647,0.628690944260613,NA
"263","DERM_BBWQ","BS10",0.0128571428571429,0.225098039215686,0.568148748079721,0.00832050502388441,85,0.2132,0.005,0.509,0.532823917316533,NA
"264","DERM_BBWQ","BS11",0.01855,0.368398268398268,0.900052360420041,0.000241598093885007,77,0.130012987012987,0.005,0.73,1.20587933518326,NA
"265","DERM_BBWQ","CD01A",0,0.0251700680272109,0.876974774241782,0.796682553235105,84,0.0392619047619048,0.005,0.26,1.25063550411841,NA
"266","DERM_BBWQ","CD02",-0.003,-0.0889258028792912,0.818394237586352,0.43252230768819,86,0.187883720930233,0.005,0.45,0.497039625808514,NA
"267","DERM_BBWQ","CD03A",-0.0955,-0.75,0.835225482610342,0.0770998717435418,20,0.2368,0.043,0.418,0.503202179010639,NA
"268","DERM_BBWQ","CD04A",0.000499999999999998,0,0.332593902599308,1,20,0.08175,0.005,0.292,1.01729269944913,NA
"269","DERM_BBWQ","CD05",-0.0022,-0.127586206896552,0.112597457558139,0.096723620118541,87,0.0619655172413793,0.005,0.436,1.30417611789358,NA
"270","DERM_BBWQ","CD09",0.00283333333333333,0.156562137049942,0.210661160656613,0.219343764496581,82,0.0837682926829268,0.009,0.452,0.860085272281351,NA
"271","DERM_BBWQ","CG01",-0.01125,-0.186425834701697,0.395774669405914,0.0527946564113354,87,0.143252873563218,0.01,0.72,0.997164918479278,NA
"272","DERM_BBWQ","CG02",-0.1885,-0.25,0.378736906048213,0.723673609831763,20,0.5497,0.146,0.913,0.410968129223259,NA
"273","DERM_BBWQ","CG02A",0.01175,0.0502487562189055,0.164771652931047,0.596307922618475,67,0.828283582089552,0.266,1.288,0.224861003582813,NA
"274","DERM_BBWQ","CG03",-0.0525,-0.25,0.378736906048213,0.723673609831763,20,0.23845,0.007,0.573999999999999,0.795090956976188,NA
"275","DERM_BBWQ","CG07",0.00849999999999999,0.093687707641196,0.557928876236823,0.306356850498511,86,0.308313953488372,0.005,0.76,0.704280633359126,NA
"276","DERM_BBWQ","CM02",-0.00711666666666667,-0.345994397759104,0.8269717256596,0.00027492738725513,85,0.0738117647058824,0.005,0.31,0.914598257052437,NA
"277","DERM_BBWQ","CM04",0.00350000000000051,0,0.332593902599308,1,20,0.12,0.006,0.318,0.912518525006222,NA
"278","DERM_BBWQ","DDC1",-0.003,0,0.332593902599308,1,20,0.0257,0.005,0.059,0.631602985417208,NA
"279","DERM_BBWQ","DDC2",0.002,0.428571428571429,0.455944671328636,0.449691797968891,19,0.0891578947368421,0.007,0.168,0.46048501018514,NA
"280","DERM_BBWQ","FC03",-0.02425,-0.334789915966387,0.335702338271571,0.000915915142497373,85,0.628164705882353,0.158,1.316,0.291599676874016,NA
"281","DERM_BBWQ","FC15",-0.0137857142857143,-0.0587064676616915,0.589307918696084,0.683091398309609,67,0.505731343283582,0.05,2.78,0.890639540740323,NA
"282","DERM_BBWQ","FC16",0.41,0.5,0.391625176271089,0.617075077451974,16,0.444125,0.02,1.49,1.17490526466161,NA
"283","DERM_BBWQ","GL02",0.00740000000000001,0.0797909407665505,0.351774666625387,0.483878914628279,82,0.358951219512195,0.01,0.991,0.591452340077472,NA
"284","DERM_BBWQ","GL03",0.000500000000000007,0,0.449730023229343,1,34,0.381205882352941,0.005,1.743,1.20387635945549,NA
"285","DERM_BBWQ","IC01",0,-0.142857142857143,NA,1,19,0.0177894736842105,0.005,0.111,1.41212686816056,NA
"286","DERM_BBWQ","IC02",0.001,0.142857142857143,0.334260952079015,1,19,0.0146842105263158,0.005,0.035,0.630741776208076,NA
"287","DERM_BBWQ","L31E1",-0.084,-0.615447154471545,0.948663763876757,1.89931543067874e-10,82,0.56669512195122,0.005,3.97,1.57160358916103,NA
"288","DERM_BBWQ","LR01",0,0.00897646414887795,0.586863851850538,1,87,0.162229885057471,0.018,0.465,0.648915430251347,NA
"289","DERM_BBWQ","LR05",-0.00133333333333333,-0.0557359307359307,0.526113020176892,0.689481487722295,88,0.283147727272727,0.04,0.59,0.324177714185501,NA
"290","DERM_BBWQ","LR06",0,-0.027695675971538,0.589836017660153,0.967632635774179,87,0.296712643678161,0.149,0.537,0.21625946233652,NA
"291","DERM_BBWQ","LR07",-0.04,-0.25,0.378736906048213,0.723673609831763,20,0.29215,0.187,0.513,0.266404106554973,NA
"292","DERM_BBWQ","LR08",0.00326666666666667,0.0706168831168831,0.498027809029878,0.549250824407818,88,0.193715909090909,0.05,0.44,0.383490367538208,NA
"293","DERM_BBWQ","LR10",-0.000428571428571429,-0.0437430786267996,0.830450997593757,0.618795254106982,86,0.0466976744186047,0.005,0.392,1.38554007181499,NA
"294","DERM_BBWQ","MI02",-0.0151428571428571,-0.242016806722689,0.455981627290931,0.0180748894005596,85,0.209458823529412,0.005,0.91,0.891582112757605,NA
"295","DERM_BBWQ","MI03",-0.01725,-0.268683473389356,0.906594764285021,0.00623793454873627,85,0.226505882352941,0.015,0.98,0.851057438042298,NA
"296","DERM_BBWQ","MR01",-9.99999999999997e-05,-0.00569239189928845,0.906918475543327,0.902523250177679,87,0.0647011494252873,0.005,0.237,0.740092289748621,NA
"297","DERM_BBWQ","MR02",-0.034,-0.25,0.378736906048213,0.723673609831763,20,0.17085,0.088,0.421,0.43136092879364,NA
"298","DERM_BBWQ","MR03",0.004,0.188177339901478,0.851423670025598,0.0466576254921578,87,0.148965517241379,0.01,0.264,0.3731255573483,NA
"299","DERM_BBWQ","MR04",-0.05,-0.75,0.835225482610342,0.0770998717435418,20,0.16225,0.091,0.265,0.295778079966208,NA
"300","DERM_BBWQ","MR05",0.005,0.194957983193277,0.806145654598976,0.045938131018981,85,0.150129411764706,0.03,0.314,0.387007869959283,NA
"301","DERM_BBWQ","MR06",-0.0725,-0.75,0.835225482610342,0.0770998717435418,20,0.1659,0.08,0.313,0.401223089137948,NA
"302","DERM_BBWQ","MR07",0.0098,0.265490196078431,0.733063743806551,0.00366365932478738,85,0.105152941176471,0.01,0.223,0.489971619843373,NA
"303","DERM_BBWQ","MR08",0.0116666666666667,0.202791461412151,0.676094084993272,0.0168416477298637,87,0.138540229885057,0.01,0.551,0.610515949551526,NA
"304","DERM_BBWQ","MR11",-0.0015,-0.125,NA,1,20,0.0348,0.005,0.193,1.16503317231415,NA
"305","DERM_BBWQ","MR15",-2e-04,-0.0986863711001642,0.33654432005543,0.156700293276673,87,0.0298735632183908,0.005,0.151,0.858286867017404,NA
"306","DERM_BBWQ","MW01",-0.0669999999999999,-0.2,0.320610232989416,0.597311573194272,23,0.982434782608696,0.01,3.081,0.758512046113021,NA
"307","DERM_BBWQ","MW04",0.05,0.2519978106185,0.466097523853046,0.0153212095785143,87,1.79496551724138,0.752,3.74,0.396892755480176,NA
"308","DERM_BBWQ","MW05",-0.0475833333333333,-0.143853820598007,0.864810883562947,0.108759596036341,86,3.68606976744186,0.34,5.115,0.208847607718052,NA
"309","DERM_BBWQ","MW13",0,-0.0835796387520525,0.0729225024307337,0.622558262825041,87,0.0999770114942529,0.005,3.673,4.04423971082145,NA
"310","DERM_BBWQ","NO07A",-0.00399999999999998,-0.0384394721744119,0.506731093928329,0.864852910667477,83,1.38344578313253,0.417,3.43699999999999,0.245710395010213,NA
"311","DERM_BBWQ","OC01",-0.0875,-0.5,0.539749350395557,0.288844366346485,20,0.15555,0.005,0.498,0.796826004854057,NA
"312","DERM_BBWQ","OL01",-0.0784999999999985,-0.75,0.835225482610342,0.0770998717435418,20,0.14035,0.018,0.373,0.626045545410836,NA
"313","DERM_BBWQ","OL02",0.00300000000000001,0.0967741935483871,0.434796948316073,1,31,0.0988709677419354,0.013,0.274,0.617505714018444,NA
"314","DERM_BBWQ","OL03",0.0018,0.156918767507003,0.990405323558794,0.113449868628192,85,0.0774941176470588,0.005,0.299,0.81308592573939,NA
"315","DERM_BBWQ","OSC1",-0.013,-0.125,NA,1,20,0.15055,0.005,0.374,0.765381186012646,NA
"316","DERM_BBWQ","OSC2",-0.002,0,0.332593902599308,1,20,0.0454,0.005,0.16,1.10329986940899,NA
"317","DERM_BBWQ","OSC3",-0.073,-0.75,0.835225482610342,0.0770998717435418,20,0.17885,0.005,0.312,0.510132905791152,NA
"318","DERM_BBWQ","PR01",-0.414000000000001,-0.375,0.367864031661791,1,21,3.67642857142857,0.06,4.517,0.28570095565697,NA
"319","DERM_BBWQ","PR03",0.0126500000000001,0.00864805692391899,0.165307985915988,0.775777482000889,87,4.08251724137931,0.012,6.153,0.26309826807213,NA
"320","DERM_BBWQ","PR04A",-0.0659999999999998,-0.264696223316913,0.466285067461564,0.00473982677178637,87,3.76926436781609,0.25,5.43,0.185513984553723,NA
"321","DERM_BBWQ","PR08",0.0022,0.164969896004379,0.194487494796079,0.0311344357915078,87,0.074632183908046,0.005,0.8,1.79300787430233,NA
"322","DERM_BBWQ","SK01",0,0.0402801120448179,0.654671862135589,0.867670265971699,85,0.0926823529411765,0.005,0.279,0.864049408196949,NA
"323","DERM_BBWQ","SK02",0.0035,0.091351943076081,0.289906557330105,0.395435788404445,87,0.165,0.005,0.482999999999999,0.669594442389192,NA
"324","DERM_BBWQ","SK05",0.002,0.105701754385965,0.837151692569208,0.296120476976801,76,0.111776315789474,0.005,0.384,0.613498059613434,NA
"325","DERM_BBWQ","SK09",0.00025,0.0431308155446086,0.949216887792011,0.654096548752364,87,0.0364827586206897,0.006,0.167,0.827515336551255,NA
"326","DERM_BBWQ","SK10",-0.000833333333333333,-0.390789473684211,0.750000685295651,8.61682892142888e-06,76,0.00985526315789474,0.005,0.106,1.23805072711349,NA
"327","DERM_BBWQ","SP01",0.002,0.0340448823207444,0.480808299044177,0.596628802084276,87,0.0830804597701149,0.005,0.379,0.779959232736128,NA
"328","DERM_BBWQ","SP03",0.0415,0.75,0.835225482610342,0.0770998717435418,20,0.07705,0.015,0.197,0.582242007615669,NA
"329","DERM_BBWQ","SP04",-0.00358333333333334,-0.113095238095238,0.159321809680159,0.280288708853268,88,0.0899090909090909,0.005,0.22,0.560019779004166,NA
"330","DERM_BBWQ","SP05",0.047,0.75,0.835225482610342,0.0770998717435418,20,0.05995,0.013,0.157,0.708946825809366,NA
"331","DERM_BBWQ","SP08",-0.000916666666666667,-0.174242424242424,0.673062203288165,0.0604706534810753,88,0.0270340909090909,0.005,0.478,2.5525667422023,NA
"332","DERM_BBWQ","TM02",0.00335,0.0721668512366187,0.199650439012944,0.493165140987404,86,0.196139534883721,0.054,0.409,0.416209202370792,NA
"333","DERM_BBWQ","TM03A",-0.00766666666666667,-0.134756431308155,0.0980195254149124,0.178631825506613,87,0.238448275862069,0.005,0.47,0.404623113721449,NA
"334","DERM_BBWQ","TM05",-0.002,-0.133893557422969,0.248363514291953,0.258651062048929,85,0.0483058823529412,0.005,0.169,0.724556646782651,NA
"335","DERM_BBWQ","TM06",-0.0035,-0.125,NA,1,20,0.02235,0.005,0.062,0.899935534081661,NA
"336","DERM_BBWQ","TM07A",0,0,NA,1,20,0.01715,0.005,0.091,1.28144152389407,NA
"337","DERM_BBWQ","TM08",-0.000816666666666666,-0.324390243902439,0.638209239579823,0.000117918736174292,82,0.0126463414634146,0.005,0.068,0.858550231003806,NA
"338","DERM_BBWQ","WC02",0.005,0.201120448179272,0.414973661663495,0.0628867735090033,85,0.174352941176471,0.08,0.527,0.381809669091203,NA
"339","DERM_BBWQ","WC03",0.0032,0.158319327731092,0.888124545334231,0.13440080275094,85,0.169882352941176,0.03,0.37,0.372315137813509,NA
"340","DERM_BBWQ","WC04",0.00525,0.158767507002801,0.808413328725543,0.0890408846794204,85,0.0908705882352941,0.005,0.47,0.761124682312042,NA
"341","FIU_WQMP","200-W",-2e-05,-0.145256486432957,0.41744717626662,0.397576652088717,60,0.00278316666666667,0.00042,0.01439,0.807470762823148,NA
"342","FIU_WQMP","201-W",-8.58333333333334e-05,-0.108045977011494,0.880325069027914,0.748195712957683,33,0.00268,0.00084,0.01754,1.08274676066372,NA
"343","FIU_WQMP","203-W",0,-0.0345238095238095,0.876890150350751,1,33,0.00276030303030303,0.00051,0.01539,0.94669301120908,NA
"344","FIU_WQMP","204-W",-1.4e-05,-0.115555555555556,0.493865043790042,0.915345283110766,34,0.00287970588235294,0.00084,0.01252,0.793468319640104,NA
"345","FIU_WQMP","206-W",0.0001225,0.378571428571429,0.857473072730982,0.167733560630422,33,0.00260393939393939,0.00042,0.01132,1.02224487589614,NA
"346","FIU_WQMP","207-W",2e-05,0.103448275862069,0.183115460956986,0.518443603650644,33,0.00418424242424242,0.00042,0.05069,2.09175278712164,NA
"347","FIU_WQMP","209-W",-0.00033,-0.481481481481481,0.817653137210743,0.0309010622983397,32,0.0089603125,0.00265,0.05107,1.05965737840328,NA
"348","FIU_WQMP","210-W",0.000165,0.411904761904762,0.636099496404881,0.132463566807951,33,0.00221212121212121,0.00042,0.00743,0.684693992208772,NA
"349","FIU_WQMP","211-W",-2.4e-05,-0.0261904761904762,0.708233782630839,1,32,0.005181875,0.00084,0.02919,1.37689113137495,NA
"350","FIU_WQMP","212-W",0.0001275,0.554022988505747,0.907097839904814,0.0219467710032469,33,0.00232030303030303,0.00042,0.02633,1.89658209550288,NA
"351","FIU_WQMP","213-W",4.33333333333333e-05,0.182738095238095,0.0832831924390518,0.761039858651798,57,0.00247719298245614,0.00042,0.01519,0.926887320074151,NA
"352","FIU_WQMP","214-W",0.000161666666666667,0.317241379310345,0.430753353541081,0.105772207850753,33,0.00299363636363636,0.00042,0.01264,0.992938802572228,NA
"353","FIU_WQMP","215-W",2e-05,0.148275862068966,0.35119508081436,0.830217591777863,33,0.00296787878787879,0.00042,0.01908,1.27279728792726,NA
"354","FIU_WQMP","216-W",-6.75e-05,-0.178571428571429,0.946272161549636,0.642685858792114,33,0.00263454545454545,0.00084,0.01022,0.779441601604549,NA
"355","FIU_WQMP","217-W",0.000101666666666667,0.448275862068966,0.757585518732733,0.0699543585800103,33,0.00237909090909091,0.00042,0.01056,0.907351620992789,NA
"356","FIU_WQMP","218-W",9.53571428571429e-05,0.311111111111111,0.758067107268992,0.121335250358482,31,0.00221387096774194,0.00084,0.00918,0.764127190667139,NA
"357","FIU_WQMP","219-W",0.00014,0.160714285714286,0.221062943877456,0.205027537362789,33,0.00274818181818182,0.00042,0.00893,0.712094171105703,NA
"358","FIU_WQMP","220-W",-5.66071428571428e-05,-0.0275862068965517,0.491311903751263,0.749119133000595,33,0.00346787878787879,0.00042,0.03336,1.66228567517986,NA
"359","FIU_WQMP","222-W",0,-0.0160919540229885,0.566042692266019,1,33,0.00487030303030303,0.00084,0.09269,3.25276518018885,NA
"360","FIU_WQMP","223-W",9.42857142857143e-05,0.0655913978494624,0.249328205926363,0.467942959808144,33,0.00294121212121212,0.00053,0.01733,1.32175823696684,NA
"361","FIU_WQMP","224-W",5.9e-05,0.100621118012422,0.490803282147266,0.350002209707734,50,NA,NA,NA,NA,NA
"362","FIU_WQMP","225-W",-8.61904761904762e-05,-0.137777777777778,0.468968680965968,0.288844366346485,33,0.00225939393939394,0.00042,0.01007,0.755227964718989,NA
"363","FIU_WQMP","226-W",2.57142857142857e-05,0.0774193548387097,0.502417455852641,0.811509919052354,32,0.002835,0.00084,0.01137,0.875650389547515,NA
"364","FIU_WQMP","227-W",0.000148571428571429,0.53,0.225568014907446,0.00219964706111305,31,0.00180612903225806,0.00042,0.00672,0.835714134064469,NA
"365","FIU_WQMP","228-W",-8.28571428571428e-05,-0.119791666666667,0.64163115266986,0.826238365918728,34,0.00235,0.00051,0.00815,0.741076660719004,NA
"366","FIU_WQMP","229-W",-0.000134583333333333,-0.118279569892473,0.596399865421852,0.393622323951286,33,0.00298424242424242,0.00042,0.01113,0.965288649763667,NA
"367","FIU_WQMP","230-W",2.42857142857143e-05,0.205555555555556,0.19418365693304,0.412770233630431,31,0.00244774193548387,0.00053,0.01046,0.923117176735507,NA
"368","FIU_WQMP","231-W",-4e-05,-0.0774193548387097,0.216489689568474,0.566279574045329,32,0.0030340625,0.00084,0.01712,1.04339229271513,NA
"369","FIU_WQMP","232-W",0.000213,0.124444444444444,0.06893836759754,0.286602237457888,32,0.0029646875,0.00042,0.01109,0.877968280751992,NA
"370","FIU_WQMP","235-W",9.41428571428571e-05,0.0533333333333333,0.169538453905132,0.722438515903265,32,0.004266875,0.00088,0.01884,0.925391268925544,NA
"371","FIU_WQMP","237-W",9.41666666666667e-05,0.159365079365079,0.0461135111902954,0.373882495451875,52,0.0022475,0.00042,0.00983,0.846400159945612,NA
"372","FIU_WQMP","238-W",0.0001025,-0.0177777777777778,0.354660015089757,1,33,0.00461242424242424,0.00084,0.01834,0.919442753797296,NA
"373","FIU_WQMP","239-W",0.00021,0.406451612903226,0.516795034526783,0.0292982944045506,33,0.00200181818181818,0.00042,0.00659,0.810377933407294,NA
"374","FIU_WQMP","241-W",0.0001955,0.186666666666667,0.319837114430973,0.210108197520727,32,0.0028803125,0.00064,0.0125,0.850740180861732,NA
"375","FIU_WQMP","242-W",0.000102,0.208333333333333,0.962139433015983,0.742432697805825,33,0.00408030303030303,0.00042,0.02502,1.13408021204495,NA
"376","FIU_WQMP","243-W",8e-05,0.213333333333333,0.917814165704394,0.572934820042615,33,0.00256424242424242,0.00042,0.01029,0.905384474479655,NA
"377","FIU_WQMP","244-W",-0.0004625,-0.259770114942529,0.602881437469093,0.175150578102989,31,0.00446225806451613,0.00091,0.01586,0.815867516347929,NA
"378","FIU_WQMP","246-W",0.0001075,0.205555555555556,0.199171941900014,0.364003255503179,33,0.00199939393939394,0.00057,0.00638,0.693960222726512,NA
"379","FIU_WQMP","247-W",-0.000715,-0.422222222222222,0.985961414636173,0.0552461450314805,33,0.00754,0.00092,0.03501,1.10694856560355,NA
"380","FIU_WQMP","248-W",0.00017,0.275862068965517,0.734789563535924,0.171345255225701,33,0.00163363636363636,0.00042,0.00592,0.613852095841252,NA
"381","FIU_WQMP","249-W",0.00019,0.260243632336656,0.247109030316516,0.0247921820126334,50,NA,NA,NA,NA,NA
"382","FIU_WQMP","250-W",0.000196,0.103448275862069,0.139545644280702,0.621578782025545,33,0.00397757575757576,0.00045,0.01004,0.615138667714589,NA
"383","FIU_WQMP","252-W",0.000104285714285714,0.275862068965517,0.257104622301972,0.255577962633267,33,0.00198787878787879,0.00042,0.00967,1.02361214996484,NA
"384","FIU_WQMP","253-W",-0.000863333333333333,-0.383908045977012,0.893501010584868,0.0989879318010263,33,0.0062369696969697,0.00092,0.02297,0.795871988080172,NA
"385","FIU_WQMP","254-W",-0.000362,-0.337931034482759,0.533717476622973,0.0209052086244204,33,0.00352151515151515,0.00099,0.00887,0.612652599806625,NA
"386","FIU_WQMP","255-W",3.33333333333333e-05,0.163218390804598,0.225357201263714,0.511852135620896,33,0.00271060606060606,0.00049,0.01065,0.905188527527059,NA
"387","FIU_WQMP","256-W",7e-05,0.0788888888888889,0.437008784005072,0.405098130326131,34,0.00289558823529412,0.00042,0.02108,1.42407276495528,NA
"388","FIU_WQMP","259-W",2.95e-05,0.0102657004830918,0.879901994330909,0.832223391102579,52,NA,NA,NA,NA,NA
"389","FIU_WQMP","260-W",-0.00068,-0.514942528735632,0.891703745141993,0.0161647801449218,33,0.00701575757575758,0.00092,0.04344,1.40261871325467,NA
"390","FIU_WQMP","263-W",0.00010125,0.279310344827586,0.524485881195794,0.394662549117567,33,0.00264636363636364,0.00063,0.01449,1.08414153695816,NA
"391","FIU_WQMP","264-W",2.4e-05,-0.010752688172043,0.914253920610828,0.819707537829788,33,0.0024069696969697,0.00042,0.00808,0.714891435952579,NA
"392","FIU_WQMP","266-W",-0.00059,-0.303448275862069,0.146497045825045,0.0582432386741407,33,0.00428242424242424,0.00073,0.02145,1.02208919708548,NA
"393","FIU_WQMP","267-W",5.83333333333333e-05,0.0202020202020202,0.160511460370761,0.712519439310201,50,NA,NA,NA,NA,NA
"394","FIU_WQMP","268-W",-0.00089,-0.337931034482759,0.500483517968965,0.0582432386741407,33,0.00511363636363636,7e-04,0.02446,1.00794304365835,NA
"395","FIU_WQMP","269-W",0,-0.00804597701149426,0.300125627006557,1,33,0.00280545454545455,0.00049,0.01561,1.04280679195288,NA
"396","FIU_WQMP","270-W",0.00019,0.196428571428571,0.172365738724978,0.279953587231163,33,0.00267272727272727,0.00078,0.01107,0.995697883983717,NA
"397","FIU_WQMP","271-W",-0.000315,-0.0183908045977012,0.179414465240453,0.340987153381906,33,0.0040230303030303,0.00068,0.01522,0.811407749801202,NA
"398","FIU_WQMP","272-W",-5.25e-05,-0.0571428571428572,0.51103517643792,0.665618265964872,33,0.00265636363636364,0.00092,0.01518,1.0815038462423,NA
"399","FIU_WQMP","273-W",0.000117142857142857,0.28452380952381,0.70647107851373,0.446806563079803,33,0.00294424242424242,0.00075,0.01588,1.11819143756265,NA
"400","FIU_WQMP","275-W",-0.0003975,-0.163218390804598,0.170472925027674,0.158004571535334,33,0.00354242424242424,0.00084,0.01904,1.17865742964422,NA
"401","FIU_WQMP","276-W",0,-0.00476190476190478,0.4327305767561,1,33,0.00203939393939394,0.00042,0.00624,0.598051048174769,NA
"402","FIU_WQMP","278-W",-5e-05,-0.0409090909090909,0.14725446840351,0.498199760124809,52,0.00397384615384615,0.00042,0.01824,0.988625968260667,NA
"403","FIU_WQMP","280-W",0,-0.0333333333333334,0.187288447467554,1,33,0.00300151515151515,0.00042,0.01625,1.03446282345022,NA
"404","FIU_WQMP","281-W",-0.00014875,0.0469135802469136,0.136264916003629,0.670402152514837,33,0.00363818181818182,0.00042,0.02534,1.35753998252525,NA
"405","FIU_WQMP","282-W",0,0.0576923076923077,0.169108264948178,1,30,0.00213166666666667,0.00084,0.00995,0.815134300990812,NA
"406","FIU_WQMP","284-W",1.1e-05,0.16551724137931,0.381391024660831,0.586859473512358,33,0.00260757575757576,0.00084,0.01089,0.959531736985329,NA
"407","FIU_WQMP","285-W",-0.0002275,-0.26551724137931,0.931361682164238,0.194800411742993,33,0.00442151515151515,0.00084,0.02701,1.05511684310164,NA
"408","FIU_WQMP","287-W",-6.00000000000002e-06,-0.0379310344827586,0.291747844234166,1,33,0.00237151515151515,0.00084,0.00778,0.723932102778791,NA
"409","FIU_WQMP","288-W",0,0.025,0.636361935165399,1,32,0.003271875,0.00084,0.0327,1.81418904253514,NA
"410","FIU_WQMP","289-W",-0.000153833333333333,-0.164285714285714,0.30765739188929,0.510161938084479,32,0.005745625,0.00092,0.03279,1.29351274372371,NA
"411","FIU_WQMP","290-W",2e-05,0.13448275862069,0.200208504381997,0.582369662965226,33,0.00236515151515151,0.00084,0.01788,1.27129219981994,NA
"412","FIU_WQMP","291-W",0.000149166666666667,0.37,0.361294972361895,0.0091824061874882,45,0.00180288888888889,0.00042,0.00535,0.653354200678426,NA
"413","FIU_WQMP","292-W",-9.5e-05,-0.0142857142857143,0.354563714204122,0.743420697695252,32,0.004090625,0.00066,0.01903,1.0644520303754,NA
"414","FIU_WQMP","294-W",0.000137,0.227586206896552,0.165916907220326,0.162586850726355,33,0.00277545454545455,7e-04,0.01173,0.893234504981127,NA
"415","FIU_WQMP","295-W",1.33333333333333e-05,0.266666666666667,0.664869237621005,0.602537006105314,32,0.002499375,0.00084,0.01466,1.19399330451512,NA
"416","FIU_WQMP","296-W",-1.41666666666667e-05,0.0718172983479106,0.241756233454415,0.951006890556635,52,0.00243961538461538,7e-04,0.00771,0.722287752914798,NA
"417","FIU_WQMP","301-W",-1e-05,0.174193548387097,0.19622123273505,1,33,0.00235454545454545,0.00084,0.00664,0.628201932121635,NA
"418","FIU_WQMP","302-W",5.75e-05,0.165591397849462,0.326390766506587,0.806020028691336,33,0.00257090909090909,0.00073,0.00914,0.676365499445181,NA
"419","FIU_WQMP","305-W",-0.000158,-0.110752688172043,0.317117297065921,0.478480060354631,33,0.00254,7e-04,0.00932,0.716381289122143,NA
"420","FIU_WQMP","307-W",6.75e-05,0.161290322580645,0.397714832270379,0.906614969013938,33,0.00348515151515152,7e-04,0.01168,0.890599649198529,NA
"421","FIU_WQMP","309-W",-5.375e-05,-0.044047619047619,0.703186334704693,0.699870310412416,33,0.00237151515151515,0.00084,0.00722,0.653996091330078,NA
"422","FIU_WQMP","310-W",0.00013,0.0264705882352941,0.0576808756750467,0.621244022355565,61,NA,NA,NA,NA,NA
"423","FIU_WQMP","312-W",-0.000175357142857143,-0.080952380952381,0.354002903343043,0.444909901974356,33,0.00326060606060606,0.00084,0.01117,0.804834251744583,NA
"424","FIU_WQMP","314-W",0.000118333333333333,0.139784946236559,0.594518902747709,0.557508379805611,33,0.00342818181818182,0.00084,0.01734,0.947312116403819,NA
"425","FIU_WQMP","315-W",0.0001465,0.266666666666667,0.578127666824687,0.339622948717951,33,0.00308666666666667,0.00042,0.01199,0.908423003584763,NA
"426","FIU_WQMP","316-W",-0.000185,-0.107142857142857,0.106288926507613,0.206827372495671,33,0.00602090909090909,0.00182,0.01854,0.652041460296011,NA
"427","FIU_WQMP","317-W",-0.00037625,-0.0172839506172839,0.452482888532374,0.500581351949032,32,0.0062115625,0.00092,0.02153,0.719122418950943,NA
"428","FIU_WQMP","318-W",8.75e-05,0.313095238095238,0.246594161604482,0.235527403024259,34,0.00238941176470588,0.00042,0.02059,1.47277205712439,NA
"429","FIU_WQMP","319-W",2.9e-05,0.0851851851851852,0.980991085700456,0.831484468687018,33,0.00255969696969697,0.00042,0.01918,1.33455960452927,NA
"430","FIU_WQMP","322-W",8.75e-05,0.145679012345679,0.963761384697475,0.458928186122589,33,0.00265454545454545,0.00065,0.0133,1.04505047050495,NA
"431","FIU_WQMP","324-W",8.58333333333333e-05,0.183950617283951,0.162192193466382,0.287333069671499,33,0.00284818181818182,0.00048,0.01222,0.943523777176476,NA
"432","FIU_WQMP","325-W",5.66666666666666e-05,0.167901234567901,0.398003178815078,0.358576664815243,54,0.00287092592592593,0.00042,0.01417,1.04855593603271,NA
"433","FIU_WQMP","328-W",7.05e-05,0.401234567901235,0.820723189531326,0.0688946869076726,33,0.00190393939393939,0.00042,0.00592,0.67546027555274,NA
"434","FIU_WQMP","330-W",0.000175,0.34320987654321,0.930717007197168,0.11250638569044,33,0.00340909090909091,0.00042,0.0231,1.35932751674414,NA
"435","FIU_WQMP","332-W",-1.0625e-05,-0.0259259259259259,0.817115019210674,0.914783857819155,33,0.00301363636363636,0.00042,0.02875,1.61190476338091,NA
"436","FIU_WQMP","333-W",7.61904761904762e-05,0.276923076923077,0.46925564020747,0.279953587231163,32,0.00278375,0.00042,0.02109,1.53303486932885,NA
"437","FIU_WQMP","335-W",6.14285714285714e-05,0.495061728395062,0.744464496933513,0.0420401312980442,33,0.00160787878787879,0.00042,0.00423,0.481692339716069,NA
"438","FIU_WQMP","337-W",3.66666666666667e-05,0.141975308641975,0.966734154453297,0.453829966416147,33,0.00215848484848485,0.00054,0.00774,0.724428437436184,NA
"439","FIU_WQMP","400-W",0,-0.0551724137931035,0.753459738526655,1,33,0.00379787878787879,7e-04,0.05552,2.46131694427779,NA
"440","FIU_WQMP","401-W",0.000196,0.275,0.69976688731683,0.0636173544421638,33,0.00258818181818182,0.00042,0.02372,1.57198429963579,NA
"441","FIU_WQMP","402-W",5.99999999999999e-05,0.258620689655172,0.250952038786945,0.316046953169441,33,0.00177818181818182,0.00042,0.00619,0.708737421352376,NA
"442","FIU_WQMP","403-W",-9.50000000000001e-05,-0.0551724137931035,0.383343031725345,0.842768197733096,34,0.00273647058823529,0.00092,0.01382,0.869124588370826,NA
"443","FIU_WQMP","500-W",-0.000116142857142857,-0.0666666666666667,0.633113549584583,0.695298566782637,32,0.0074121875,0.00083,0.03851,1.17195025201782,NA
"444","FIU_WQMP","501-W",-0.00052,-0.118279569892473,0.217758648858998,0.63177228398084,33,0.00935181818181818,0.00112,0.0425,1.00233414917468,NA
"445","FIU_WQMP","502-W",0,0.0533333333333333,0.0896842826276745,1,33,0.00420939393939394,0.00092,0.01205,0.71170582626642,NA
"446","FIU_WQMP","503-W",0.000126666666666667,0.413793103448276,0.380630826219358,0.0860012337650567,32,0.0060725,0.00092,0.02261,0.820857915735777,NA
"447","FIU_WQMP","504-W",-0.000494,-0.150537634408602,0.7316675385183,0.452074640297011,34,NA,NA,NA,NA,NA
"448","FIU_WQMP","505-W",-0.00023375,-0.176190476190476,0.611451315087753,0.572934820042615,32,0.00642875,0.00081,0.01645,0.676159903111659,NA
"449","FIU_WQMP","506-W",-0.00191,-0.305747126436782,0.471787725879271,0.0802534749639502,33,0.0140845454545455,0.00165,0.03949,0.755731680399616,NA
"450","FIU_WQMP","507-W",-0.00016875,-0.0279569892473118,0.660324663226108,0.542303507343371,33,0.00426424242424242,0.00092,0.0173,0.812813832186193,NA
"451","FIU_WQMP","508-W",-0.000610714285714286,-0.271604938271605,0.135025848656629,0.11447136336679,32,0.00994,0.00176,0.03395,0.75310868158366,NA
"452","FIU_WQMP","509-W",-0.000295,-0.75,0.7607987993648,0.16585666034291,13,0.00459,0.00098,0.02349,1.28848423837132,NA
"453","PALMBEACH","11",-0.0016,-0.185582010582011,0.674151698397277,0.0648718298759774,72,0.0291666666666667,0.015,0.11,0.563077814753066,NA
"454","PALMBEACH","12A",-0.002,-0.172222222222222,0.069612121948608,0.121569799139031,43,0.0861860465116279,0.015,0.34,0.900496291635827,NA
"455","PALMBEACH","13",0,-0.128767123287671,0.482876089692726,0.398098364625152,73,0.0646438356164384,0.015,2,3.60117928390126,NA
"456","PALMBEACH","15",-0.002,-0.414053426248548,NA,0.00235681331851086,42,0.0227380952380952,0.015,0.033,0.343014579737932,NA
"457","PALMBEACH","16",-0.002,-0.277906976744186,0.596560961494109,0.0685523128137587,44,0.0308409090909091,0.015,0.072,0.417463956407136,NA
"458","PALMBEACH","18C",0,0.00925925925925927,0.156039697646652,0.957639192695386,72,0.05425,0.015,0.26,0.892722893405159,NA
"459","PALMBEACH","18D",0,-0.0301810865191147,0.78523530001371,0.956735456830551,71,0.049169014084507,0.015,0.23,0.924831733458019,NA
"460","PALMBEACH","22",0.008,0.556113256113256,0.179879632578933,0.000693837750899344,39,0.107025641025641,0.015,0.47,1.20573692455288,NA
"461","PALMBEACH","24",0,0.153774680603949,0.0500165909178173,0.557832810649955,42,0.093,0.015,0.48,1.39149435966955,NA
"462","PALMBEACH","27A",0.007375,0.333333333333333,0.149644465433247,0.0346296859549074,45,0.0882222222222222,0.015,0.44,1.28392107291764,NA
"463","PALMBEACH","27B",0.00658333333333333,0.225925925925926,0.356420812513848,0.0947810302932323,38,0.158684210526316,0.015,0.62,1.03142636473862,NA
"464","PALMBEACH","28",0.004,0.223931623931624,0.203378512432322,0.113469695229837,42,0.106857142857143,0.015,0.44,1.21465796528923,NA
"465","PALMBEACH","31B",0.000583333333333334,0.131623931623932,0.0351744658677434,0.42482007196057,42,0.0929761904761905,0.015,0.34,1.10277404131518,NA
"466","PALMBEACH","31C",0.01,0.447985347985348,0.452148584698674,0.00891991651146609,42,0.10647619047619,0.015,0.41,0.948275662200534,NA
"467","PALMBEACH","31E",-0.002,-0.0133333333333333,0.523538537516331,0.440037557184348,43,0.0545581395348837,0.015,0.25,1.02451926563902,NA
"468","PALMBEACH","37B",-0.019,-0.330647130647131,0.483546106905415,0.0346366540499149,40,0.200125,0.015,0.85,0.999983278980975,NA
"469","PALMBEACH","38B",-0.0116785714285714,-0.193576965669989,0.116742830525314,0.136516296498321,44,0.288613636363636,0.015,1.4,1.08863853347735,NA
"470","PALMBEACH","39",-0.026125,-0.0110741971207088,0.176383181041203,0.343396507814989,44,0.366454545454545,0.02,2.1,1.08393922298593,NA
"471","PALMBEACH","43",-0.00283333333333333,0.0464852607709751,0.311973066385604,1,43,0.39293023255814,0.015,1.8,1.03543135641512,NA
