"","source","site","slope","n_values","mean","min","max","coefficient.of.variation","significant_slope","pvalue"
"1","BBAP","",0,2598,NA,NA,NA,NA,NA,0.872926881400898
"2","BBAP","BB14",-0.00333333333333333,59,0.356101694915254,0.16,0.72,0.326365832384263,NA,0.8291760097394
"3","BBAP","BH22",0,43,0.286744186046512,0.16,0.54,0.285531492561021,NA,1
"4","BBAP","CWA2",-0.00750000000000001,39,0.366666666666667,0.16,0.81,0.311543883147426,NA,0.474862672305768
"5","BBAP","CWA4",NA,3,0.286666666666667,0.25,0.36,0.221541382363461,NA,NA
"6","BBAP","CWA5",-0.015,15,0.244666666666667,0.16,0.65,0.502211062658345,NA,0.488422316622593
"7","BBAP","DM00",NA,4,0.67,0.29,1.2,0.631938723950313,NA,NA
"8","BBAP","DM08",-0.005,74,0.427162162162162,0.2,1.2,0.387112666781577,NA,0.505856230252913
"9","BBAP","DM28",NA,2,0.44,0.43,0.45,0.0321412173266613,NA,NA
"10","BBAP","FK01",NA,1,0.58,0.58,0.58,NA,NA,NA
"11","BBAP","JFK03",0,54,0.392777777777778,0.2,1.2,0.449610305136892,NA,0.936342192719063
"12","BBAP","JT29",NA,1,0.37,0.37,0.37,NA,NA,NA
"13","BBAP","JT61",-0.005,35,0.374,0.18,1.2,0.499809458826725,NA,0.627034077870414
"14","BBAP","JT66",-0.00999999999999999,55,0.326727272727273,0.18,0.57,0.274263385390329,NA,0.220013809191066
"15","BBAP","JT71",-0.005,57,0.339473684210526,0.16,0.62,0.292431301625654,NA,0.417489786999737
"16","BBAP","LR03",0,71,0.765352112676056,0.31,1.1,0.223584585092434,NA,1
"17","BBAP","LR05",NA,2,1.07,0.94,1.2,0.171820339353741,NA,NA
"18","BBAP","LR06",NA,2,0.985,0.97,1,0.0215362471427375,NA,NA
"19","BBAP","LRNSP",NA,1,2.1,2.1,2.1,NA,NA,NA
"20","BBAP","LRSC",NA,1,0.9,0.9,0.9,NA,NA,NA
"21","BBAP","LRSP",NA,2,2.2,2.2,2.2,0,NA,NA
"22","BBAP","LRUP",NA,2,0.86,0.82,0.9,0.0657773749940975,NA,NA
"23","BBAP","MRDC",NA,1,0.69,0.69,0.69,NA,NA,NA
"24","BBAP","MRDW",NA,1,0.42,0.42,0.42,NA,NA,NA
"25","BBAP","MRMO",NA,1,0.29,0.29,0.29,NA,NA,NA
"26","BBAP","MRRB",0.055,8,0.27375,0.17,0.37,0.22849307768396,NA,0.54029137460742
"27","BBAP","MRSC",0.065,39,0.833333333333333,0.45,1.4,0.313131551302408,0.065,0.0494710679052968
"28","BBAP","RB1A",-0.03,22,0.364090909090909,0.16,0.82,0.380071002254503,NA,0.397321419035571
"29","BBAP","TOW1",NA,1,0.23,0.23,0.23,NA,NA,NA
"30","BBAP","TOW3",NA,1,0.84,0.84,0.84,NA,NA,NA
"31","BBAP","VR01",-0.00999999999999999,53,0.307358490566038,0.16,0.45,0.232186443038918,NA,0.423240548250872
"32","BBAP","VR11",0.00999999999999998,32,0.335625,0.16,0.73,0.389139610797933,NA,0.591875299282594
"33","BBAP","VS01",NA,3,0.303333333333333,0.22,0.38,0.264422184956395,NA,NA
"34","BBAP","WQ01",NA,3,0.256666666666667,0.19,0.35,0.32441548043628,NA,NA
"35","BBAP","WQ02",NA,3,0.346666666666667,0.3,0.43,0.208678215521257,NA,NA
"36","BBAP","WQ04",NA,3,0.246666666666667,0.22,0.26,0.0936243679766961,NA,NA
"37","BROWARD","1",-0.026,102,NA,NA,NA,NA,NA,0.826921021756705
"38","BROWARD","10",0.0126666666666667,89,NA,NA,NA,NA,NA,0.642685858792114
"39","BROWARD","109",NA,25,1.44148,0.613,2.3,0.314464728764401,NA,NA
"40","BROWARD","11",-0.0306,146,0.887787671232877,0.053,1.83,0.31125173222687,NA,0.10215676757622
"41","BROWARD","110",-0.036,90,NA,NA,NA,NA,NA,0.65933533835972
"42","BROWARD","111",-0.001,83,0.738867469879518,0.352,1.68,0.377543683714984,NA,0.602167527748196
"43","BROWARD","112",-0.02225,82,NA,NA,NA,NA,NA,0.0934924836898357
"44","BROWARD","114",NA,32,1.3559375,1.03,1.63,0.113061744550947,NA,NA
"45","BROWARD","12",-0.0270357142857143,93,1.03456989247312,0.066,2.24,0.258236651041482,NA,0.251452186508022
"46","BROWARD","120",-0.0313333333333333,36,0.812777777777778,0.335,1.8,0.417220118318594,-0.0313333333333333,0.0161647801449218
"47","BROWARD","121",-0.0365,67,0.768477611940299,0.053,1.51,0.329378739220644,-0.0365,0.0251966033681807
"48","BROWARD","122",0.00750000000000001,50,1.31868,0.068,1.91,0.214146659806841,NA,0.75969019311737
"49","BROWARD","123",0.0178571428571429,33,0.953454545454545,0.554,1.53,0.2730700265549,NA,0.401678166469773
"50","BROWARD","124",-0.0292857142857143,66,1.32262121212121,0.434,1.92,0.19650186878729,-0.0292857142857143,0.0206208387926054
"51","BROWARD","125",0.0191666666666667,33,0.465484848484849,0.194,1.04,0.385688656279373,NA,0.136815544188534
"52","BROWARD","126",NA,4,1.7425,1.28,2.22,0.257605871705391,NA,NA
"53","BROWARD","127",NA,3,0.919,0.384,1.95,0.971800981858411,NA,NA
"54","BROWARD","128",-0.0624999999999999,24,0.963291666666667,0.503,1.6,0.32929603949285,-0.0624999999999999,0.0292384073653102
"55","BROWARD","129",-0.0222,24,0.592666666666667,0.415,0.806,0.201447894474577,NA,0.308937825736484
"56","BROWARD","13",NA,40,1.30315,0.822,2.29,0.212653556920314,NA,NA
"57","BROWARD","14",-0.0299999999999999,91,1.31556043956044,0.053,1.91,0.197554220714342,NA,0.401678166469773
"58","BROWARD","15",0.00375,107,NA,NA,NA,NA,NA,0.719148171266592
"59","BROWARD","16",0.0253333333333334,98,1.00762244897959,0.053,2.23,0.352358939601212,NA,0.26861696328918
"60","BROWARD","17",-0.023,79,NA,NA,NA,NA,NA,0.340126993883975
"61","BROWARD","18",NA,28,NA,NA,NA,NA,NA,NA
"62","BROWARD","19",-0.002,107,0.97392523364486,0.343,2.02,0.40314177731938,NA,0.892495274308458
"63","BROWARD","2",-0.0221428571428571,90,1.15425555555556,0.508,1.85,0.234898244855035,NA,0.270427963910375
"64","BROWARD","20",0.00630000000000001,105,1.13909523809524,0.262,2.2,0.330160893044897,NA,0.773365078362471
"65","BROWARD","21",NA,54,1.33103703703704,0.804,2.23,0.233568221175015,NA,NA
"66","BROWARD","22",-0.00166666666666667,89,1.50202247191011,0.29,1.99,0.16901040173802,NA,0.912067151830426
"67","BROWARD","23",-0.042,129,1.58623255813953,0.714,2.63,0.161823266575649,-0.042,0.0333284832900815
"68","BROWARD","24",-0.00699999999999999,91,NA,NA,NA,NA,NA,0.65933533835972
"69","BROWARD","25",-0.012,91,0.763648351648352,0.096,1.74,0.429527906957306,NA,0.50845423058856
"70","BROWARD","26",-0.0116666666666667,90,NA,NA,NA,NA,NA,1
"71","BROWARD","27",NA,80,1.38695,0.963,2.2,0.174226519358425,NA,NA
"72","BROWARD","28",-0.0055,91,1.31362637362637,0.811,2.24,0.210542841371068,NA,0.826238365918728
"73","BROWARD","29",0.00666666666666667,92,1.48227173913043,0.759,2.16,0.160359601447394,NA,1
"74","BROWARD","3",-0.0456,93,1.29443010752688,0.908,2.38,0.185935899522895,NA,0.0594279151689524
"75","BROWARD","31",-0.025,93,0.992666666666667,0.053,1.59,0.207492235180631,NA,0.156069263431644
"76","BROWARD","32",-0.0384583333333333,113,1.12234513274336,0.635,1.63,0.174870798265734,NA,0.101706930031093
"77","BROWARD","33",-0.017,113,NA,NA,NA,NA,NA,0.511852135620896
"78","BROWARD","34",-0.0015,90,NA,NA,NA,NA,NA,1
"79","BROWARD","35",0.00414285714285714,146,NA,NA,NA,NA,NA,0.782630506409778
"80","BROWARD","36",0.0342857142857143,93,NA,NA,NA,NA,NA,0.0615184430831414
"81","BROWARD","37",0.00975000000000001,94,NA,NA,NA,NA,NA,0.381786895668765
"82","BROWARD","38",0.0098,94,NA,NA,NA,NA,NA,0.353462760616695
"83","BROWARD","39",0.011,84,NA,NA,NA,NA,NA,0.623336410060841
"84","BROWARD","4",-0.08875,163,1.58044785276074,0.902,2.73,0.237920390066852,-0.08875,0.00237450268291929
"85","BROWARD","40",0.00633333333333333,147,NA,NA,NA,NA,NA,0.257552339460981
"86","BROWARD","41",0.00800000000000001,117,NA,NA,NA,NA,NA,0.48647880261435
"87","BROWARD","47",NA,27,NA,NA,NA,NA,NA,NA
"88","BROWARD","49",NA,54,NA,NA,NA,NA,NA,NA
"89","BROWARD","5",-0.0052,87,NA,NA,NA,NA,NA,0.754454177494089
"90","BROWARD","6",0.017,90,1.07392222222222,0.513,2.18,0.349180706811057,NA,0.916965236628864
"91","BROWARD","64",-0.00800000000000001,91,0.838945054945055,0.053,1.73,0.303946841737653,NA,0.614657438396725
"92","BROWARD","7",-0.0319642857142857,97,1.17261855670103,0.053,2.11,0.327527466635516,NA,0.566279574045329
"93","BROWARD","8",-0.0275,68,1.28314705882353,0.636,2.07,0.255292077808255,NA,0.50845423058856
"94","BROWARD","89",-0.07,90,1.44532222222222,0.683,2.72,0.280238771874138,NA,0.0962628310361518
"95","BROWARD","90",NA,80,1.1265625,0.455,1.92,0.303984362376511,NA,NA
"96","DEP","",-0.0111666666666667,745,0.0656241610738255,0.038,0.42,0.473093659986285,-0.0111666666666667,1.55638019728669e-147
"97","DEP","BAK020",-0.001235,86,0.0826924418604651,0.02984,0.288,0.625299038426861,NA,0.144050633909659
"98","DEP","BAK021",-0.002432,86,0.0566879069767442,0.02984,0.1804,0.513576637013599,-0.002432,3.97732973017753e-05
"99","DEP","BAK022",-0.00405333333333334,86,0.0550426744186047,0.02984,0.1482,0.509923479492123,-0.00405333333333334,1.98687382041228e-08
"100","DEP","BAK023",-0.002535,86,0.0654374418604651,0.02984,0.2013,0.567558277050637,-0.002535,0.000106605385362394
"101","DEP","BAK024",-0.00405333333333334,86,0.0507970930232558,0.02984,0.106,0.505251429791667,-0.00405333333333334,4.15974971726424e-13
"102","DEP","BAK025",-0.00338666666666667,86,0.0521309302325581,0.02984,0.215,0.577539862288322,-0.00338666666666667,1.38911287825135e-09
"103","DEP","BAK026",-0.00399333333333333,86,0.051756976744186,0.02984,0.1127,0.514868667378385,-0.00399333333333333,3.47015757278334e-12
"104","DEP","BAK027",-0.00405333333333334,86,0.0511508139534884,0.02984,0.168,0.543963786004898,-0.00405333333333334,2.41983044308691e-12
"105","DEP","BAK028",-0.00405333333333334,86,0.0492927906976744,0.02984,0.105,0.517339935091039,-0.00405333333333334,3.6803220527653e-15
"106","DEP","BAK029",-0.00405333333333334,86,0.049886976744186,0.02984,0.105,0.50236948461492,-0.00405333333333334,4.90082240162112e-16
"107","DEP","BAK030",-0.00266666666666667,86,0.116239069767442,0.02984,0.3804,0.58027089662486,NA,0.338731885623291
"108","DEP","BAK031",-0.00354,86,0.0534317441860465,0.02984,0.115,0.491741083719028,-0.00354,1.26735506664105e-09
"109","DEP","BAK032",-0.00405333333333334,86,0.0540298837209302,0.02984,0.128,0.507593926407682,-0.00405333333333334,2.23640317746487e-08
"110","DEP","BAK033",-0.00405333333333334,86,0.0519190697674419,0.02984,0.1238,0.515962726734657,-0.00405333333333334,4.32177397306011e-11
"111","DEP","BOC070",-0.00443,89,0.134787640449438,0.02984,0.4657,0.743119613475942,NA,0.250825753949257
"112","DEP","BOC071",-0.00394666666666667,92,0.066173152173913,0.02984,0.1975,0.616837774536665,-0.00394666666666667,4.79426645634361e-05
"113","DEP","BOC072",-0.00304,87,0.058452183908046,0.02984,0.157,0.552830860179282,-0.00304,1.84732334986255e-06
"114","DEP","BOC073",-0.00608,87,0.0768813793103448,0.02984,0.216,0.625832734734018,-0.00608,4.32020312276205e-05
"115","DEP","BOC074",-0.00405333333333334,87,0.0553916091954023,0.02984,0.154,0.560937303026546,-0.00405333333333334,3.19688648735911e-10
"116","DEP","BOC075",-0.00351666666666667,87,0.0533298850574713,0.02984,0.1856,0.544675688964086,-0.00351666666666667,6.1333605454996e-12
"117","DEP","BOC076",-0.00521,87,0.0813831034482759,0.02984,0.2431,0.58653157138148,-0.00521,0.000141288846310866
"118","DEP","BOC077",-0.00405333333333334,87,0.055411724137931,0.02984,0.152,0.535768795157139,-0.00405333333333334,6.72446673563824e-11
"119","DEP","BOC078",-0.00405333333333334,87,0.0534702298850575,0.02984,0.167,0.530604548029089,-0.00405333333333334,5.29591015104193e-13
"120","DEP","BOC079",-0.00304,87,0.0541342528735632,0.02984,0.113,0.492562558412296,-0.00304,1.50625939795908e-08
"121","DEP","BOC080",-0.00338666666666667,87,0.138611034482759,0.02984,0.539,0.865030429956406,NA,0.300899037480055
"122","DEP","BOC081",-0.003832,87,0.0547911494252874,0.02984,0.257,0.639206619493848,-0.003832,9.05962127455244e-13
"123","DEP","BOC082",-0.00405333333333334,87,0.0539148275862069,0.02984,0.139,0.526322389879767,-0.00405333333333334,2.03639724718826e-12
"124","DEP","BOC083",-0.00304,87,0.0591502298850575,0.02984,0.2057,0.583169665936856,-0.00304,5.39104513712651e-06
"125","DEP","BOY090",-0.000707999999999999,86,0.129592093023256,0.02984,0.5408,0.704198931531201,NA,0.770541497710554
"126","DEP","BOY091",-0.004,86,0.0713032558139535,0.02984,0.229,0.642191091216166,-0.004,0.000438478960300099
"127","DEP","BOY092",-0.00304,90,0.0539478888888889,0.02984,0.1288,0.532434838291715,-0.00304,5.01959447782848e-11
"128","DEP","BOY093",-0.002,86,0.0793096511627907,0.02984,0.333,0.766981965612882,-0.002,0.0123962615168257
"129","DEP","BOY094",-0.00405333333333334,86,0.0636402325581395,0.02984,1.07,1.77124296969912,-0.00405333333333334,9.29203721876998e-11
"130","DEP","BOY095",-0.00405333333333334,86,0.0564610465116279,0.02984,0.616,1.18086269029224,-0.00405333333333334,1.85704147348212e-17
"131","DEP","BOY096",-0.00405333333333334,86,0.0510989534883721,0.02984,0.15,0.54330434201823,-0.00405333333333334,1.36293543220232e-13
"132","DEP","BOY097",-0.00338666666666667,86,0.0485177906976744,0.02984,0.105,0.524021662945551,-0.00338666666666667,5.62536726288012e-16
"133","DEP","BOY098",-0.00405333333333334,86,0.0507323255813954,0.02984,0.105,0.512597576516317,-0.00405333333333334,1.22716752641563e-15
"134","DEP","BOY099",-0.00405333333333334,86,0.0482520930232558,0.02984,0.105,0.523091296277855,-0.00405333333333334,7.18957499424005e-17
"135","DEP","BOY100",-0.00338666666666667,86,0.0505195348837209,0.02984,0.105,0.50515242943124,-0.00338666666666667,3.18704437758335e-12
"136","DEP","BOY101",-0.00405333333333334,86,0.0562331395348837,0.02984,0.137,0.537958878935753,-0.00405333333333334,1.77972154272348e-09
"137","DEP","BOYPB4",NA,1,0.02984,0.02984,0.02984,NA,NA,NA
"138","DEP","GOC001",-0.004003,72,0.0555883333333333,0.02984,0.146,0.431952282298212,-0.004003,8.50897185628969e-05
"139","DEP","GOC002",-0.00608,71,0.0652976056338028,0.02984,0.252,0.580655117390827,-0.00608,0.000203535928969133
"140","DEP","GOC003",-0.00405333333333334,71,0.0573253521126761,0.02984,0.1285,0.426962060174954,-0.00405333333333334,0.000575993242447194
"141","DEP","GOC004",-0.005,71,0.0506114084507042,0.02984,0.101,0.375951789819159,-0.005,8.82616942133937e-06
"142","DEP","GOC005",-0.00304,71,0.043893661971831,0.02984,0.114,0.409764979860297,-0.00304,1.17766353150462e-07
"143","DEP","GOC006",-0.00236666666666666,71,0.0510070422535211,0.02984,0.186,0.520202608566359,-0.00236666666666666,0.00224673459263589
"144","DEP","GOC007",-0.002432,71,0.0449580281690141,0.02984,0.106,0.372144248432106,-0.002432,1.0269563534347e-05
"145","DEP","GOC008",-0.002432,71,0.0454285915492958,0.02984,0.1432,0.438364613932573,-0.002432,3.14636610514205e-06
"146","DEP","GOC009",-0.002,71,0.0442498591549296,0.02984,0.1587,0.48331263013791,-0.002,5.57123013032373e-05
"147","DEP","GOC010",-0.002775,71,0.0417012676056338,0.02984,0.1216,0.374609937394832,-0.002775,1.99096656689335e-08
"148","DEP","GOC011",-0.001,71,0.0496628169014085,0.02984,0.159,0.463621793801974,-0.001,0.0105100363371841
"149","DEP","GOC012",-0.000666666666666667,71,0.10730676056338,0.02984,0.951,1.28446002398874,NA,0.39727444710738
"150","DEP","GOC013",-0.002,71,0.0592956338028169,0.02984,0.308,0.914847200562297,-0.002,0.00110618036067934
"151","DEP","GOC014",-0.02515,71,0.564547464788732,0.052,1.48,0.52180595493007,NA,0.658849743556954
"152","DEP","GOC015",-0.014,71,0.193211549295775,0.02984,0.64,0.847593329020609,-0.014,0.0402339423774152
"153","DEP","HIL050",-0.001,88,0.121327386363636,0.02984,0.5604,0.818150602619571,NA,0.390650782238361
"154","DEP","HIL051",-0.00304,94,0.0520240425531915,0.02984,0.1412,0.511175008056803,-0.00304,2.81083610083058e-12
"155","DEP","HIL052",-0.00293,87,0.0961488505747126,0.02984,0.3548,0.769422638238039,-0.00293,0.025825981703731
"156","DEP","HIL053",-0.00405333333333334,87,0.0593144827586207,0.02984,0.1858,0.588583630493763,-0.00405333333333334,3.13372788894862e-10
"157","DEP","HIL054",-0.004,87,0.0511185057471264,0.02984,0.105,0.485164635042007,-0.004,2.75873143825388e-11
"158","DEP","HIL055",-0.00405333333333334,87,0.0533598850574713,0.02984,0.133,0.508254558251775,-0.00405333333333334,5.29591015104193e-13
"159","DEP","HIL056",-0.00405333333333334,87,0.0538767816091954,0.02984,0.1929,0.585762630720403,-0.00405333333333334,1.08132298521363e-13
"160","DEP","HIL057",-0.005232,87,0.0830152873563218,0.02984,0.458,0.83211098617332,-0.005232,0.00124404501122935
"161","DEP","HIL058",-0.00405333333333334,87,0.0521303448275862,0.02984,0.106,0.482048154773574,-0.00405333333333334,1.54939934228401e-11
"162","DEP","HIL059",-0.00341666666666667,87,0.0734725287356322,0.02984,0.722,1.1305386149315,-0.00341666666666667,2.79244310911131e-05
"163","DEP","HIL060",-0.01258,87,0.245450574712644,0.02984,1.19,1.01179466394176,-0.01258,0.00523145432318175
"164","DEP","HIL061",-0.006,87,0.0550757471264368,0.02984,0.2208,0.599183232928147,-0.006,7.11778846210412e-15
"165","DEP","HIL062",-0.00543,87,0.0755588505747126,0.02984,0.2858,0.794782763945925,-0.00543,9.19127456672908e-09
"166","DEP","HIL063",-0.00405333333333334,87,0.0544664367816092,0.02984,0.255,0.685808690139904,-0.00405333333333334,7.26129596180473e-13
"167","DEP","ILW110",-0.00405333333333334,87,0.062013908045977,0.02984,0.375,0.812921152725957,-0.00405333333333334,2.92885535117646e-07
"168","DEP","ILW111",-0.00405333333333334,87,0.0544041379310345,0.02984,0.1286,0.530143421167494,-0.00405333333333334,9.58629045991194e-11
"169","DEP","ILW112",-0.00405333333333334,87,0.0497264367816092,0.02984,0.118,0.528300894144519,-0.00405333333333334,7.10079448107098e-16
"170","DEP","ILW113",-0.00405333333333334,87,0.0527345977011494,0.02984,0.229,0.638905835687355,-0.00405333333333334,1.38590165578574e-15
"171","DEP","ILW114",-0.00402,87,0.0527555172413793,0.02984,0.168,0.551061249676603,-0.00402,7.07888406822985e-11
"172","DEP","ILW115",-0.00508,88,0.0532157954545455,0.02984,0.182,0.598827934785951,-0.00508,4.19077507314089e-15
"173","DEP","ILW116",-0.00405333333333334,87,0.0519655172413793,0.02984,0.1958,0.578699151349004,-0.00405333333333334,1.66594950000751e-13
"174","DEP","ILW117",-0.00405333333333334,87,0.0501619540229885,0.02984,0.171,0.555827297419971,-0.00405333333333334,4.10915785506006e-16
"175","DEP","ILW118",-0.00338666666666667,87,0.0520236781609195,0.02984,0.163,0.521717219666342,-0.00338666666666667,5.35984894540706e-10
"176","DEP","ILW119",-0.00420125,88,0.0511926136363636,0.02984,0.157,0.540739793043435,-0.00420125,7.65016154749608e-14
"177","DEP","JUP120",-0.00181166666666666,87,0.108963333333333,0.02984,0.35,0.633921198952593,NA,0.538935219742511
"178","DEP","JUP121",-0.00304,87,0.0663866666666667,0.02984,0.25,0.638800464672183,-0.00304,0.000240675704574942
"179","DEP","JUP122",-0.002855,87,0.068834367816092,0.02984,0.2131,0.607455959563156,-0.002855,0.00432252873813169
"180","DEP","JUP123",-0.000613333333333333,87,0.0934935632183908,0.02984,0.324,0.602252621637589,NA,0.432783921121599
"181","DEP","JUP124",-0.005016,87,0.0562150574712644,0.02984,0.235,0.677419416138169,-0.005016,8.82194555837601e-13
"182","DEP","JUP125",-0.00405333333333334,87,0.0548275862068966,0.02984,0.258,0.652883478084327,-0.00405333333333334,9.65153851185088e-12
"183","DEP","JUP126",-0.00405333333333334,87,0.0564367816091954,0.02984,0.283,0.773319191852005,-0.00405333333333334,1.32444698670705e-13
"184","DEP","JUP127",-0.00338666666666667,87,0.0577105747126437,0.02984,0.271,0.708833724200959,-0.00338666666666667,5.09384854801713e-08
"185","DEP","JUP128",-0.00390041666666667,87,0.0559041379310345,0.02984,0.261,0.648707707617204,-0.00390041666666667,1.40476399178073e-10
"186","DEP","JUP129",-0.00405333333333334,87,0.0613904597701149,0.02984,0.623,1.23742246848657,-0.00405333333333334,4.71203366149683e-12
"187","DEP","PEV040",-0.00304,86,0.0736260465116279,0.02984,0.233,0.581966394376674,-0.00304,0.00217807529434888
"188","DEP","PEV041",-0.00304,86,0.0683176744186046,0.02984,0.184,0.550768044448783,-0.00304,0.00305199800949111
"189","DEP","PEV042",-0.00405333333333334,86,0.0626139534883721,0.02984,0.22,0.579987952119604,-0.00405333333333334,8.01717558207466e-06
"190","DEP","PEV043",-0.004805,87,0.0611890804597701,0.02984,0.207,0.54851023195871,-0.004805,1.40709664557079e-07
"191","DEP","PEV044",-0.00405333333333334,87,0.0526611494252874,0.02984,0.142,0.530579541719943,-0.00405333333333334,6.92096481148681e-13
"192","DEP","PEV045",-0.00371333333333333,86,0.0507443023255814,0.02984,0.105,0.507147619119856,-0.00371333333333333,4.85346338640499e-12
"193","DEP","PEV046",-0.00454,86,0.0551573255813953,0.02984,0.116,0.490776656114287,-0.00454,4.20321973667037e-08
"194","DEP","PEV047",-0.00304,86,0.053771976744186,0.02984,0.157,0.51920300607838,-0.00304,2.12756173366132e-07
"195","DEP","PEV048",-0.0037375,86,0.0497272093023256,0.02984,0.105,0.506142428781199,-0.0037375,2.75918181832085e-14
"196","DEP","PEV049",-0.004032,86,0.0493595348837209,0.02984,0.105,0.504415861831416,-0.004032,3.65752214359225e-12
"197","DEP","PEV050",0.03664,86,0.302997093023256,0.02984,1.908,0.971822346683097,0.03664,0.00101632985704656
"198","DEP","PEV051",-0.003,86,0.0775438372093023,0.02984,0.3213,0.804217102197806,-0.003,0.00389627960495264
"199","DEP","PEV052",-0.00304,86,0.0551044186046512,0.02984,0.137,0.547382100226204,-0.00304,5.78990421134571e-08
"200","DEP","PEV053",-0.00405333333333334,86,0.0515959302325581,0.02984,0.1588,0.548465691008885,-0.00405333333333334,1.25202886450175e-11
"201","DEP","STL161",0.00881666666666667,72,0.176460277777778,0.04,0.5113,0.548985469050405,NA,0.117561219676025
"202","DEP","STL162",-0.000666666666666667,73,0.103400410958904,0.02984,0.303,0.649552942862349,NA,0.832195787682837
"203","DEP","STL163",4.9999999999998e-05,72,0.0788004166666667,0.02984,0.2805,0.722879444184478,NA,0.870350744364199
"204","DEP","STL164",-0.000666666666666667,71,0.0667384507042253,0.02984,0.205,0.636943218479859,NA,0.402539627090456
"205","DEP","STL165",-0.000888333333333334,72,0.0533602777777778,0.02984,0.169,0.568763014670253,-0.000888333333333334,0.0391709124417265
"206","DEP","STL166",0.00160625,72,0.0859565277777778,0.02984,0.2637,0.663387568781741,NA,0.871006805961642
"207","DEP","STL167",-0.00046375,72,0.0593981944444444,0.02984,0.264,0.723144659084412,NA,0.113802389386782
"208","DEP","STL168",-0.0014575,72,0.0557134722222222,0.02984,0.2508,0.655780190193321,-0.0014575,0.029860179871946
"209","DEP","STL169",0.00717,72,0.0999476388888889,0.02984,0.322,0.644754851360729,NA,0.230656111112005
"210","DEP","STL170",-0.002432,72,0.0479852777777778,0.02984,0.188,0.498255773442184,-0.002432,0.000923752565321444
"211","DEP","STL171",0.005,72,0.0886141666666667,0.02984,0.2648,0.6332429745854,NA,0.0571001726680917
"212","DEP","STL172",-0.001,72,0.0552216666666667,0.02984,0.2655,0.66691816556419,NA,0.0661325585018866
"213","DEP","STLMC1",NA,1,0.07768,0.07768,0.07768,NA,NA,NA
"214","DERM_BBWQ","AC01",-0.0132,104,NA,NA,NA,NA,NA,0.0551401550985479
"215","DERM_BBWQ","AC02",NA,59,0.494067796610169,0.1,1.3,0.529416570784531,NA,NA
"216","DERM_BBWQ","AC03",-0.0305,95,NA,NA,NA,NA,NA,0.222020735560594
"217","DERM_BBWQ","AC04",NA,11,0.5,0.5,0.5,0,NA,NA
"218","DERM_BBWQ","AC06",-0.084,127,NA,NA,NA,NA,-0.084,0.0283359319567343
"219","DERM_BBWQ","AC08E",NA,20,0.955,0.1,1,0.21072891934553,NA,NA
"220","DERM_BBWQ","AC08W",NA,18,0.861111111111111,0.1,1,0.373951370954364,NA,NA
"221","DERM_BBWQ","AR01",NA,37,NA,NA,NA,NA,NA,NA
"222","DERM_BBWQ","AR03",-0.02,134,NA,NA,NA,NA,NA,0.0667011571400127
"223","DERM_BBWQ","BB01A",NA,11,0.341636363636364,0.14,0.55,0.360275232891626,NA,NA
"224","DERM_BBWQ","BB02",-0.00999999999999999,124,NA,NA,NA,NA,NA,0.427710510297464
"225","DERM_BBWQ","BB04",-0.01,160,NA,NA,NA,NA,NA,0.0655503849943812
"226","DERM_BBWQ","BB05A",-0.00449999999999999,132,NA,NA,NA,NA,NA,0.494041561089288
"227","DERM_BBWQ","BB06",NA,60,0.516666666666667,0.1,1,0.380757274219791,NA,NA
"228","DERM_BBWQ","BB08",0.00333333333333334,65,0.352123076923077,0.12,1.3,0.530584886482663,NA,0.756796668373039
"229","DERM_BBWQ","BB09",-0.01,133,NA,NA,NA,NA,NA,0.0637256658386873
"230","DERM_BBWQ","BB10",-0.00999999999999999,65,0.279030769230769,0.06,1.2,0.594987969183005,NA,0.263981974964118
"231","DERM_BBWQ","BB11",-0.0133333333333333,106,NA,NA,NA,NA,NA,0.073332493342264
"232","DERM_BBWQ","BB13",NA,2,0.445,0.41,0.48,0.111230280186648,NA,NA
"233","DERM_BBWQ","BB13A",0.015,29,0.326862068965517,0.06,1.3,0.668556805108086,NA,1
"234","DERM_BBWQ","BB14",-0.0129166666666667,132,NA,NA,NA,NA,NA,0.270588450241329
"235","DERM_BBWQ","BB15",-0.0275,31,0.331806451612903,0.06,2.2,1.10148632883387,NA,0.856698213439322
"236","DERM_BBWQ","BB15A",-0.01,65,0.424723076923077,0.14,3.39,1.03566638238338,NA,0.121513928301678
"237","DERM_BBWQ","BB17",-0.01,137,NA,NA,NA,NA,NA,0.350903266566628
"238","DERM_BBWQ","BB18",0.00416666666666667,63,0.282380952380952,0.08,1.11,0.566635953840664,NA,0.559084325126288
"239","DERM_BBWQ","BB19",NA,30,NA,NA,NA,NA,NA,NA
"240","DERM_BBWQ","BB22",-0.01,136,NA,NA,NA,NA,NA,0.258030130577039
"241","DERM_BBWQ","BB24",0.0025,107,NA,NA,NA,NA,NA,0.608430205309511
"242","DERM_BBWQ","BB25",0.04,21,0.215714285714286,0.1,0.57,0.482112837451579,NA,1
"243","DERM_BBWQ","BB26",-0.00125,81,NA,NA,NA,NA,NA,0.934488076091062
"244","DERM_BBWQ","BB27",NA,57,0.515789473684211,0.1,1,0.35483427121483,NA,NA
"245","DERM_BBWQ","BB28",0.00500000000000001,23,0.25695652173913,0.12,0.61,0.53275656778491,NA,1
"246","DERM_BBWQ","BB29",NA,5,1,1,1,0,NA,NA
"247","DERM_BBWQ","BB31",-0.00999999999999998,133,NA,NA,NA,NA,NA,0.397980833326855
"248","DERM_BBWQ","BB32",-0.0133333333333333,70,NA,NA,NA,NA,NA,0.198958931092402
"249","DERM_BBWQ","BB34",-0.015,107,NA,NA,NA,NA,NA,0.0703257352112192
"250","DERM_BBWQ","BB35",NA,64,0.5078125,0.1,1,0.354886192513202,NA,NA
"251","DERM_BBWQ","BB36",NA,35,NA,NA,NA,NA,NA,NA
"252","DERM_BBWQ","BB37",0.002,127,NA,NA,NA,NA,NA,0.790818461744663
"253","DERM_BBWQ","BB38",0.00600000000000001,133,NA,NA,NA,NA,NA,0.524971204079478
"254","DERM_BBWQ","BB39A",-0.02,148,NA,NA,NA,NA,-0.02,0.00143112042734573
"255","DERM_BBWQ","BB41",0,134,NA,NA,NA,NA,NA,0.917521647552545
"256","DERM_BBWQ","BB44",NA,51,0.445098039215686,0.1,0.5,0.312327034940681,NA,NA
"257","DERM_BBWQ","BB45",NA,2,0.1,0.1,0.1,0,NA,NA
"258","DERM_BBWQ","BB47",-0.00333333333333334,131,NA,NA,NA,NA,NA,0.633044349414365
"259","DERM_BBWQ","BB48",-0.028,64,0.441484375,0.08,1.01,0.384926670806177,-0.028,0.0179180905544129
"260","DERM_BBWQ","BB50",-0.0233333333333333,132,NA,NA,NA,NA,-0.0233333333333333,0.0129063396350218
"261","DERM_BBWQ","BB51",-0.02,132,NA,NA,NA,NA,-0.02,0.00240346508769971
"262","DERM_BBWQ","BB52",NA,81,0.440740740740741,0.1,0.5,0.324417639169319,NA,NA
"263","DERM_BBWQ","BB53",NA,67,0.45,0.1,0.75,0.316050259538627,NA,NA
"264","DERM_BBWQ","BB54",NA,82,0.441463414634146,0.1,0.5,0.322222216374694,NA,NA
"265","DERM_BBWQ","BB56",NA,51,0.46078431372549,0.1,0.5,0.260709065512113,NA,NA
"266","DERM_BBWQ","BBKB1",0.00666666666666665,41,0.338048780487805,0.11,1.45,0.622837665677073,NA,0.906614969013938
"267","DERM_BBWQ","BBMB1",0,74,0.253783783783784,0.08,0.87,0.479308173604438,NA,0.917958811742775
"268","DERM_BBWQ","BBMB2",0,65,0.265323076923077,0.08,0.77,0.398659277715073,NA,0.661748776081758
"269","DERM_BBWQ","BBMB3",-0.011,68,0.297088235294118,0.09,0.88,0.450337454383661,NA,0.11477533836449
"270","DERM_BBWQ","BBMB4",0.005,65,0.309907692307692,0.086,0.77,0.410379329020267,NA,0.459897498240364
"271","DERM_BBWQ","BBOR1",-0.04,36,0.342805555555556,0.07,0.64,0.40665798220143,NA,0.768894485495812
"272","DERM_BBWQ","BBOR2",-0.045,36,0.400027777777778,0.08,0.67,0.414045293938263,NA,0.378066843116311
"273","DERM_BBWQ","BBY1",NA,11,0.330909090909091,0.14,0.57,0.445668414528389,NA,NA
"274","DERM_BBWQ","BBY4",NA,11,0.314454545454545,0.14,0.6,0.422122573346539,NA,NA
"275","DERM_BBWQ","BD17",NA,9,NA,NA,NA,NA,NA,NA
"276","DERM_BBWQ","BISC101",-0.01,128,NA,NA,NA,NA,NA,0.187668865452675
"277","DERM_BBWQ","BISC102",NA,49,0.46734693877551,0.1,0.5,0.236776274440628,NA,NA
"278","DERM_BBWQ","BISC110",NA,49,0.459183673469388,0.1,0.5,0.26641963866861,NA,NA
"279","DERM_BBWQ","BISC121",0,126,NA,NA,NA,NA,NA,1
"280","DERM_BBWQ","BISC122",-0.00199999999999999,126,NA,NA,NA,NA,NA,0.795926858833179
"281","DERM_BBWQ","BISC123",NA,49,0.459183673469388,0.1,0.5,0.26641963866861,NA,NA
"282","DERM_BBWQ","BISC127",-0.00416666666666667,127,NA,NA,NA,NA,NA,0.677267388330991
"283","DERM_BBWQ","BISC128",NA,51,0.468627450980392,0.1,0.5,0.231761397464285,NA,NA
"284","DERM_BBWQ","BL01",0.158,56,NA,NA,NA,NA,NA,0.342781711147911
"285","DERM_BBWQ","BL02",0.1585,54,0.567277777777778,0.1,1,0.363373835585516,NA,0.288844366346485
"286","DERM_BBWQ","BL03",0.01,185,NA,NA,NA,NA,NA,0.594170302652146
"287","DERM_BBWQ","BL04",NA,12,0.727833333333333,0.14,1.4,0.440154902549672,NA,NA
"288","DERM_BBWQ","BL05",NA,12,0.713,0.14,1,0.333990969267437,NA,NA
"289","DERM_BBWQ","BL06",0.03,61,NA,NA,NA,NA,NA,0.188782749383631
"290","DERM_BBWQ","BL12",0.00266666666666667,179,NA,NA,NA,NA,NA,0.895308327439179
"291","DERM_BBWQ","BS01",-0.0253333333333333,105,NA,NA,NA,NA,NA,0.102862965140339
"292","DERM_BBWQ","BS03",NA,1,NA,NA,NA,NA,NA,NA
"293","DERM_BBWQ","BS04",-0.01,197,NA,NA,NA,NA,NA,0.308161376463815
"294","DERM_BBWQ","BS07",0.095,42,NA,NA,NA,NA,NA,0.723673609831763
"295","DERM_BBWQ","BS08",NA,19,NA,NA,NA,NA,NA,NA
"296","DERM_BBWQ","BS09",NA,10,0.846,0.396,2.91,0.868800491017728,NA,NA
"297","DERM_BBWQ","BS10",-0.03125,200,NA,NA,NA,NA,NA,0.169810505085521
"298","DERM_BBWQ","BS11",0.12,59,1.45033898305085,0.69,3.9,0.410875231320684,0.12,0.00047016927931397
"299","DERM_BBWQ","CD01A",-0.035,97,NA,NA,NA,NA,-0.035,0.00025483882038039
"300","DERM_BBWQ","CD02",-0.00499999999999999,183,NA,NA,NA,NA,NA,0.593254904155277
"301","DERM_BBWQ","CD03A",NA,11,0.277363636363636,0.14,0.473,0.386190300950629,NA,NA
"302","DERM_BBWQ","CD04A",NA,11,0.287636363636364,0.14,0.44,0.318880454563474,NA,NA
"303","DERM_BBWQ","CD05",0.011,158,NA,NA,NA,NA,NA,0.134898184879681
"304","DERM_BBWQ","CD06",NA,13,NA,NA,NA,NA,NA,NA
"305","DERM_BBWQ","CD08",NA,15,NA,NA,NA,NA,NA,NA
"306","DERM_BBWQ","CD09",0.0206666666666667,187,NA,NA,NA,NA,0.0206666666666667,0.0152964631238945
"307","DERM_BBWQ","CG01",-0.00799999999999997,101,0.417227722772277,0.1,1,0.490830939402329,NA,0.240984917283375
"308","DERM_BBWQ","CG02",NA,23,NA,NA,NA,NA,NA,NA
"309","DERM_BBWQ","CG02A",0.00416666666666666,56,0.283017857142857,0.06,4.4,2.01211255124778,NA,0.644379681492554
"310","DERM_BBWQ","CG03",NA,15,0.4438,0.09,0.761,0.432230794277784,NA,NA
"311","DERM_BBWQ","CG05",NA,10,NA,NA,NA,NA,NA,NA
"312","DERM_BBWQ","CG07",-0.0325,178,NA,NA,NA,NA,NA,0.203591983089611
"313","DERM_BBWQ","CG09",NA,11,NA,NA,NA,NA,NA,NA
"314","DERM_BBWQ","CM02",0.005,114,NA,NA,NA,NA,NA,0.449959167746725
"315","DERM_BBWQ","CM04",NA,11,0.648363636363636,0.46,1.06,0.23651766351479,NA,NA
"316","DERM_BBWQ","DDC1",NA,11,0.698181818181818,0.558,0.959,0.19272581388904,NA,NA
"317","DERM_BBWQ","DDC2",NA,11,0.719090909090909,0.49,1.6,0.433125212633342,NA,NA
"318","DERM_BBWQ","FC03",0,181,NA,NA,NA,NA,NA,0.788498346515484
"319","DERM_BBWQ","FC09",NA,12,NA,NA,NA,NA,NA,NA
"320","DERM_BBWQ","FC15",0.00366666666666667,170,NA,NA,NA,NA,NA,0.29861767444881
"321","DERM_BBWQ","FC16",0.215,8,0.36625,0.25,0.83,0.530431710331682,NA,1
"322","DERM_BBWQ","FLAB01",NA,49,0.46734693877551,0.1,0.5,0.236776274440628,NA,NA
"323","DERM_BBWQ","FLAB02",NA,85,0.467058823529412,0.1,0.5,0.236829406015983,NA,NA
"324","DERM_BBWQ","GL02",-0.0413333333333333,101,NA,NA,NA,NA,NA,0.172571128776854
"325","DERM_BBWQ","GL03",0.255,149,NA,NA,NA,NA,NA,0.170903520230797
"326","DERM_BBWQ","IC01",NA,11,0.240909090909091,0.14,0.54,0.486016640817266,NA,NA
"327","DERM_BBWQ","IC02",NA,11,0.285454545454545,0.14,0.7,0.63876490930181,NA,NA
"328","DERM_BBWQ","L31E1",-0.01,74,NA,NA,NA,NA,NA,0.795277833535008
"329","DERM_BBWQ","LN01",NA,10,NA,NA,NA,NA,NA,NA
"330","DERM_BBWQ","LN04",NA,10,NA,NA,NA,NA,NA,NA
"331","DERM_BBWQ","LN06",NA,12,NA,NA,NA,NA,NA,NA
"332","DERM_BBWQ","LR01",-0.02,100,NA,NA,NA,NA,NA,0.309953834531519
"333","DERM_BBWQ","LR03",NA,9,1,1,1,0,NA,NA
"334","DERM_BBWQ","LR05",-0.0375,134,NA,NA,NA,NA,-0.0375,0.023068405800176
"335","DERM_BBWQ","LR06",-0.01275,183,NA,NA,NA,NA,NA,0.205609965777546
"336","DERM_BBWQ","LR07",NA,10,0.8319,0.613999999999999,1.16,0.198410708787189,NA,NA
"337","DERM_BBWQ","LR08",-0.03,151,NA,NA,NA,NA,NA,0.231517033102982
"338","DERM_BBWQ","LR09",NA,12,NA,NA,NA,NA,NA,NA
"339","DERM_BBWQ","LR10",-0.165,183,NA,NA,NA,NA,-0.165,0.00784194119247722
"340","DERM_BBWQ","LS06",NA,11,NA,NA,NA,NA,NA,NA
"341","DERM_BBWQ","MI01",NA,34,0.370588235294118,0.1,0.5,0.512545229134914,NA,NA
"342","DERM_BBWQ","MI02",0,177,NA,NA,NA,NA,NA,1
"343","DERM_BBWQ","MI03",0,198,NA,NA,NA,NA,NA,1
"344","DERM_BBWQ","MR01",-0.0370833333333333,121,NA,NA,NA,NA,-0.0370833333333333,0.00596604072134558
"345","DERM_BBWQ","MR02",NA,12,0.5905,0.331,1.1,0.353645521012004,NA,NA
"346","DERM_BBWQ","MR03",-0.0146333333333333,99,0.587181818181818,0.1,1.1,0.403114488369766,NA,0.477062434229677
"347","DERM_BBWQ","MR04",NA,12,0.663333333333333,0.399,0.968,0.278332994499166,NA,NA
"348","DERM_BBWQ","MR05",-0.02,92,0.568010869565217,0.1,1.3,0.37829497933537,NA,0.425760083036938
"349","DERM_BBWQ","MR06",NA,12,0.672666666666667,0.453,0.91,0.264693842634216,NA,NA
"350","DERM_BBWQ","MR07",-0.03,94,0.703691489361702,0.1,1.53,0.454542321620923,NA,0.315511469034344
"351","DERM_BBWQ","MR08",-0.0235416666666667,196,NA,NA,NA,NA,NA,0.31422092242608
"352","DERM_BBWQ","MR09",NA,1,NA,NA,NA,NA,NA,NA
"353","DERM_BBWQ","MR10",NA,11,NA,NA,NA,NA,NA,NA
"354","DERM_BBWQ","MR11",NA,11,0.852909090909091,0.44,1.4,0.35207271018058,NA,NA
"355","DERM_BBWQ","MR12",NA,11,0.5,0.5,0.5,0,NA,NA
"356","DERM_BBWQ","MR15",-0.01625,196,NA,NA,NA,NA,NA,0.243634461041906
"357","DERM_BBWQ","MR16",NA,1,NA,NA,NA,NA,NA,NA
"358","DERM_BBWQ","MW01",0.202333333333333,49,NA,NA,NA,NA,NA,1
"359","DERM_BBWQ","MW04",-0.0055,185,NA,NA,NA,NA,NA,0.139332583751539
"360","DERM_BBWQ","MW05",0.00333333333333334,180,NA,NA,NA,NA,NA,0.894240817341116
"361","DERM_BBWQ","MW07",NA,1,1,1,1,NA,NA,NA
"362","DERM_BBWQ","MW13",-0.05875,194,NA,NA,NA,NA,-0.05875,0.00029769525191301
"363","DERM_BBWQ","NO03",NA,27,1,1,1,0,NA,NA
"364","DERM_BBWQ","NO04",NA,11,NA,NA,NA,NA,NA,NA
"365","DERM_BBWQ","NO07",NA,87,NA,NA,NA,NA,NA,NA
"366","DERM_BBWQ","NO07A",0.01,90,NA,NA,NA,NA,NA,0.203591983089611
"367","DERM_BBWQ","OC01",NA,10,0.6511,0.44,0.903,0.218629529725817,NA,NA
"368","DERM_BBWQ","OL01",NA,11,0.491272727272727,0.14,0.8,0.414145009853903,NA,NA
"369","DERM_BBWQ","OL02",-0.023,30,NA,NA,NA,NA,NA,1
"370","DERM_BBWQ","OL03",0.02,196,NA,NA,NA,NA,0.02,0.011664042838806
"371","DERM_BBWQ","OL06",NA,10,NA,NA,NA,NA,NA,NA
"372","DERM_BBWQ","OSC1",NA,10,0.5266,0.14,0.756,0.337878990121938,NA,NA
"373","DERM_BBWQ","OSC2",NA,10,1.659,1.2,2.9,0.312622252189827,NA,NA
"374","DERM_BBWQ","OSC3",NA,10,0.802,0.65,1,0.15534244794066,NA,NA
"375","DERM_BBWQ","PR01",NA,47,NA,NA,NA,NA,NA,NA
"376","DERM_BBWQ","PR03",-0.0065,194,NA,NA,NA,NA,NA,0.302507302720022
"377","DERM_BBWQ","PR04A",-0.00166666666666666,181,NA,NA,NA,NA,NA,0.897349826495016
"378","DERM_BBWQ","PR07",NA,9,NA,NA,NA,NA,NA,NA
"379","DERM_BBWQ","PR08",-0.05775,185,NA,NA,NA,NA,-0.05775,0.00451907857009511
"380","DERM_BBWQ","PR09",NA,1,NA,NA,NA,NA,NA,NA
"381","DERM_BBWQ","SK01",-0.028,100,NA,NA,NA,NA,NA,0.0562056031638372
"382","DERM_BBWQ","SK02",-0.00416666666666665,192,NA,NA,NA,NA,NA,0.518895154408467
"383","DERM_BBWQ","SK05",-0.01,81,NA,NA,NA,NA,NA,0.782359471428625
"384","DERM_BBWQ","SK07",NA,10,NA,NA,NA,NA,NA,NA
"385","DERM_BBWQ","SK09",-0.01745,190,NA,NA,NA,NA,NA,0.123232519203301
"386","DERM_BBWQ","SK10",0,58,0.951913793103448,0.63,2.26,0.236119569474071,NA,1
"387","DERM_BBWQ","SP01",-0.02,102,NA,NA,NA,NA,NA,0.341491040714072
"388","DERM_BBWQ","SP03",NA,12,NA,NA,NA,NA,NA,NA
"389","DERM_BBWQ","SP04",-0.01,189,NA,NA,NA,NA,NA,0.60381199719387
"390","DERM_BBWQ","SP05",NA,11,0.821363636363636,0.66,1.1,0.189144653112766,NA,NA
"391","DERM_BBWQ","SP08",-0.00891666666666664,189,NA,NA,NA,NA,NA,0.474590633597899
"392","DERM_BBWQ","SP15",NA,1,NA,NA,NA,NA,NA,NA
"393","DERM_BBWQ","TM02",-0.0166666666666667,100,0.58429,0.1,1.24,0.318353596159834,-0.0166666666666667,0.037130523477386
"394","DERM_BBWQ","TM03",NA,98,NA,NA,NA,NA,NA,NA
"395","DERM_BBWQ","TM03A",-0.00366666666666667,132,NA,NA,NA,NA,NA,0.403761394429902
"396","DERM_BBWQ","TM05",-0.025,99,NA,NA,NA,NA,-0.025,0.0225946820588871
"397","DERM_BBWQ","TM06",NA,11,0.803181818181818,0.14,1.15,0.311143882502146,NA,NA
"398","DERM_BBWQ","TM07",NA,5,0.9,0.5,1,0.248451997499977,NA,NA
"399","DERM_BBWQ","TM07A",NA,11,0.980818181818182,0.698999999999999,1.2,0.1633372363157,NA,NA
"400","DERM_BBWQ","TM08",-0.02225,188,NA,NA,NA,NA,NA,0.406506355617173
"401","DERM_BBWQ","WC02",0.00225,92,0.430173913043478,0.06,0.83,0.303376096538445,NA,0.643428843563621
"402","DERM_BBWQ","WC03",0.01,69,NA,NA,NA,NA,NA,0.429990130233715
"403","DERM_BBWQ","WC04",0,94,0.605436170212766,0.1,5.4,0.913058366462335,NA,0.949368308681869
"404","MiamiBeach","#1",NA,1,0.27,0.27,0.27,NA,NA,NA
"405","MiamiBeach","#10",NA,1,0.29,0.29,0.29,NA,NA,NA
"406","MiamiBeach","#11",NA,1,0.29,0.29,0.29,NA,NA,NA
"407","MiamiBeach","#12",NA,1,0.3,0.3,0.3,NA,NA,NA
"408","MiamiBeach","#13",NA,1,0.31,0.31,0.31,NA,NA,NA
"409","MiamiBeach","#14",NA,1,0.28,0.28,0.28,NA,NA,NA
"410","MiamiBeach","#15",NA,1,0.31,0.31,0.31,NA,NA,NA
"411","MiamiBeach","#16",NA,1,0.33,0.33,0.33,NA,NA,NA
"412","MiamiBeach","#17",NA,1,0.34,0.34,0.34,NA,NA,NA
"413","MiamiBeach","#18",NA,1,0.37,0.37,0.37,NA,NA,NA
"414","MiamiBeach","#19",NA,1,0.32,0.32,0.32,NA,NA,NA
"415","MiamiBeach","#2",NA,1,0.31,0.31,0.31,NA,NA,NA
"416","MiamiBeach","#20",NA,1,0.28,0.28,0.28,NA,NA,NA
"417","MiamiBeach","#21",NA,1,0.31,0.31,0.31,NA,NA,NA
"418","MiamiBeach","#22",NA,1,0.26,0.26,0.26,NA,NA,NA
"419","MiamiBeach","#23",NA,1,0.26,0.26,0.26,NA,NA,NA
"420","MiamiBeach","#24",NA,1,0.26,0.26,0.26,NA,NA,NA
"421","MiamiBeach","#3",NA,1,0.26,0.26,0.26,NA,NA,NA
"422","MiamiBeach","#3A",NA,1,1.5,1.5,1.5,NA,NA,NA
"423","MiamiBeach","#3B",NA,1,0.28,0.28,0.28,NA,NA,NA
"424","MiamiBeach","#4",NA,1,0.28,0.28,0.28,NA,NA,NA
"425","MiamiBeach","#5",NA,1,0.32,0.32,0.32,NA,NA,NA
"426","MiamiBeach","#6",NA,1,0.33,0.33,0.33,NA,NA,NA
"427","MiamiBeach","#7",NA,1,0.29,0.29,0.29,NA,NA,NA
"428","MiamiBeach","#8",NA,1,0.31,0.31,0.31,NA,NA,NA
"429","MiamiBeach","#9",NA,1,0.28,0.28,0.28,NA,NA,NA
"430","MiamiBeach","1",NA,11,NA,NA,NA,NA,NA,NA
"431","MiamiBeach","10",NA,11,NA,NA,NA,NA,NA,NA
"432","MiamiBeach","11",NA,11,NA,NA,NA,NA,NA,NA
"433","MiamiBeach","12",NA,11,NA,NA,NA,NA,NA,NA
"434","MiamiBeach","13",NA,11,NA,NA,NA,NA,NA,NA
"435","MiamiBeach","14",NA,11,NA,NA,NA,NA,NA,NA
"436","MiamiBeach","15",NA,11,NA,NA,NA,NA,NA,NA
"437","MiamiBeach","16",-0.02,54,NA,NA,NA,NA,-0.02,0.000108849293977777
"438","MiamiBeach","17",-0.02,85,NA,NA,NA,NA,-0.02,6.64266542969405e-05
"439","MiamiBeach","18",-0.015,55,NA,NA,NA,NA,-0.015,8.61775525955383e-05
"440","MiamiBeach","19",-0.012,85,NA,NA,NA,NA,-0.012,0.0115013856551472
"441","MiamiBeach","2",-0.02,50,NA,NA,NA,NA,-0.02,9.68092356587809e-06
"442","MiamiBeach","20",NA,11,NA,NA,NA,NA,NA,NA
"443","MiamiBeach","21",-0.0171428571428571,50,NA,NA,NA,NA,-0.0171428571428571,0.000443513787538725
"444","MiamiBeach","22",-0.0179166666666667,82,0.307780487804878,0.086,0.59,0.311895578826773,-0.0179166666666667,0.000138843756801422
"445","MiamiBeach","23",-0.0223809523809524,52,0.412884615384615,0.14,2.1,0.655040014098947,-0.0223809523809524,4.81233056398391e-05
"446","MiamiBeach","24",-0.0163333333333333,51,0.362549019607843,0.14,0.67,0.254707001669619,-0.0163333333333333,0.000243237601243526
"447","MiamiBeach","25",-0.02,48,0.377916666666667,0.14,1,0.395463664328627,-0.02,7.60118937831032e-05
"448","MiamiBeach","26",-0.0233333333333333,50,NA,NA,NA,NA,-0.0233333333333333,8.18611419740046e-06
"449","MiamiBeach","27",-0.02,51,NA,NA,NA,NA,-0.02,0.000196161473706543
"450","MiamiBeach","28",-0.0163333333333333,51,0.355490196078431,0.14,1,0.350999329229679,-0.0163333333333333,0.000218772850296795
"451","MiamiBeach","29",-0.0166666666666667,51,0.373529411764706,0.14,1,0.39780275677032,-0.0166666666666667,0.000243237601243526
"452","MiamiBeach","3",NA,11,NA,NA,NA,NA,NA,NA
"453","MiamiBeach","30",-0.02,51,0.347647058823529,0.14,1,0.356618082517352,-0.02,8.44782352106586e-06
"454","MiamiBeach","31",-0.02125,52,0.351346153846154,0.14,1,0.363619570091148,-0.02125,1.50246561092351e-05
"455","MiamiBeach","32",-0.015,50,0.35206,0.13,1.1,0.373087280478452,-0.015,0.000605071715811159
"456","MiamiBeach","33",-0.026,51,0.410313725490196,0.2,1.6,0.58615697633325,-0.026,3.74964323252661e-06
"457","MiamiBeach","34",-0.0161904761904762,84,0.314214285714286,0.086,1.2,0.490793651996494,-0.0161904761904762,0.00729607202619544
"458","MiamiBeach","35",-0.0265,51,0.564313725490196,0.14,4.2,1.18968857943961,-0.0265,0.000671591824008193
"459","MiamiBeach","36",-0.0114285714285714,52,0.404230769230769,0.14,1.8,0.641466041959184,-0.0114285714285714,0.0316087931213005
"460","MiamiBeach","37",-0.0191666666666667,51,0.354509803921569,0.14,1,0.418213445505107,-0.0191666666666667,0.000321828307247707
"461","MiamiBeach","38",-0.02,83,NA,NA,NA,NA,-0.02,0.000373115358625827
"462","MiamiBeach","39",-0.02,48,0.334145833333333,0.17,0.48,0.236338659717852,-0.02,0.00020842303173251
"463","MiamiBeach","3A",0.635,17,1.08529411764706,0.35,2.3,0.566911177336028,NA,0.470100759874129
"464","MiamiBeach","3B",NA,9,NA,NA,NA,NA,NA,NA
"465","MiamiBeach","3b",NA,1,0.32,0.32,0.32,NA,NA,NA
"466","MiamiBeach","4",-0.0146428571428571,82,NA,NA,NA,NA,-0.0146428571428571,0.000497157860267291
"467","MiamiBeach","40",-0.0207142857142857,50,0.3232,0.14,0.46,0.265090144820652,-0.0207142857142857,0.000872975072690457
"468","MiamiBeach","41",NA,11,NA,NA,NA,NA,NA,NA
"469","MiamiBeach","42",-0.0425,62,0.318838709677419,0.086,0.62,0.366729734653817,-0.0425,3.5753959402488e-05
"470","MiamiBeach","45",-0.0299999999999999,28,0.404642857142857,0.16,0.69,0.310164513064551,NA,0.685152329898842
"471","MiamiBeach","46",-0.035,60,0.272316666666667,0.086,0.47,0.364152891132778,-0.035,8.39797433940336e-05
"472","MiamiBeach","47",-0.035,61,0.277934426229508,0.086,0.43,0.366976501210627,-0.035,2.04071390962446e-05
"473","MiamiBeach","48",-0.03,28,0.350357142857143,0.18,0.49,0.186191738296585,NA,0.417431798934646
"474","MiamiBeach","5",NA,11,NA,NA,NA,NA,NA,NA
"475","MiamiBeach","52",-0.04,61,0.291639344262295,0.086,0.69,0.386496706956964,-0.04,3.40164468567537e-06
"476","MiamiBeach","54",-0.04,59,0.323983050847458,0.086,0.77,0.375796368272329,-0.04,0.000709040470994682
"477","MiamiBeach","56",-0.0285,57,0.322947368421053,0.086,2,0.766526503024799,-0.0285,0.00197823698647509
"478","MiamiBeach","59",-0.04,26,0.366538461538462,0.15,0.49,0.200325760977556,NA,0.471169998490056
"479","MiamiBeach","6",NA,11,NA,NA,NA,NA,NA,NA
"480","MiamiBeach","60",-0.03,57,0.301894736842105,0.086,0.47,0.312831848371495,-0.03,0.000761026378563977
"481","MiamiBeach","61",-0.025,21,0.379047619047619,0.19,0.53,0.187275281362272,NA,0.759462865379934
"482","MiamiBeach","62",-0.025,22,0.465,0.21,1.2,0.47212808916898,NA,0.751829634045849
"483","MiamiBeach","63",-0.0366666666666667,54,0.288296296296296,0.086,0.48,0.34551823962948,-0.0366666666666667,0.000545084929873236
"484","MiamiBeach","64",NA,6,0.436666666666667,0.39,0.54,0.121755126945813,NA,NA
"485","MiamiBeach","66",0.035,32,0.26765625,0.086,0.46,0.31678376206807,0.035,0.0293451081748419
"486","MiamiBeach","67",0.065,32,0.2706875,0.086,0.5,0.337825664401045,NA,0.0786401793488284
"487","MiamiBeach","68",0.025,32,0.30509375,0.086,0.92,0.531147051661748,NA,0.107873160462563
"488","MiamiBeach","69",0.0275,32,0.287375,0.086,0.46,0.275495780040407,NA,0.291343609670341
"489","MiamiBeach","7",NA,11,NA,NA,NA,NA,NA,NA
"490","MiamiBeach","70",0.025,32,0.2635625,0.086,0.41,0.351770643982355,NA,0.234482607093185
"491","MiamiBeach","71",0.04,32,0.2360625,0.086,0.36,0.325713172763098,0.04,0.0138132463970097
"492","MiamiBeach","74",0.155,33,1.18263636363636,0.086,2.7,0.624591753171263,NA,0.613773116489004
"493","MiamiBeach","78",0.1075,31,1.26374193548387,0.086,3.35,0.594942823623399,NA,0.473684074326995
"494","MiamiBeach","79",-0.1,20,1.5795,0.63,3.15,0.425093899481261,NA,0.734095182319476
"495","MiamiBeach","8",NA,11,NA,NA,NA,NA,NA,NA
"496","MiamiBeach","81",NA,11,0.331818181818182,0.27,0.42,0.157647368556885,NA,NA
"497","MiamiBeach","82",NA,11,0.289636363636364,0.086,0.38,0.295827109981042,NA,NA
"498","MiamiBeach","83",NA,6,0.311666666666667,0.26,0.41,0.194022604566992,NA,NA
"499","MiamiBeach","84",NA,9,1.08333333333333,0.3,2.2,0.507209560696108,NA,NA
"500","MiamiBeach","9",-0.0233333333333333,83,NA,NA,NA,NA,-0.0233333333333333,0.000219579950964167
"501","PALMBEACH","10",NA,1,0.716,0.716,0.716,NA,NA,NA
"502","PALMBEACH","11",0.0133333333333333,225,NA,NA,NA,NA,0.0133333333333333,0.016689745579241
"503","PALMBEACH","12A",-0.00291666666666666,128,1.03496875,0.086,3.1,0.386372007933522,NA,0.628370510781372
"504","PALMBEACH","13",0,250,NA,NA,NA,NA,NA,0.95166155011855
"505","PALMBEACH","14",NA,5,NA,NA,NA,NA,NA,NA
"506","PALMBEACH","15",-0.00600000000000001,129,0.848124031007752,0.086,4.5,0.577141132489781,NA,0.63486049144288
"507","PALMBEACH","16",-0.0171428571428571,130,0.952353846153846,0.086,2.3,0.376854066106598,NA,0.174091670012721
"508","PALMBEACH","18A",NA,6,0.796166666666667,0.551,1.5,0.439609617501056,NA,NA
"509","PALMBEACH","18C",-0.005,238,NA,NA,NA,NA,NA,0.524081636139051
"510","PALMBEACH","18D",0.00333333333333334,202,NA,NA,NA,NA,NA,0.746168975087679
"511","PALMBEACH","22",-0.0466666666666667,110,0.878872727272727,0.2,2.19,0.292114706792533,-0.0466666666666667,0.0471746463376938
"512","PALMBEACH","24",0,150,0.7497,0.086,2.46,0.622325215837975,NA,0.738572813824072
"513","PALMBEACH","27A",0.0166666666666667,140,0.991828571428571,0.086,2.75,0.492030854677614,NA,0.444195647522842
"514","PALMBEACH","27B",-0.0125,106,NA,NA,NA,NA,NA,0.349192829218831
"515","PALMBEACH","28",0,101,0.585125742574257,0.0817,1.65,0.570782100072487,NA,0.403835310466156
"516","PALMBEACH","28A",NA,4,NA,NA,NA,NA,NA,NA
"517","PALMBEACH","31B",0,69,0.857188405797101,0.086,1.72,0.263773955377095,NA,1
"518","PALMBEACH","31C",0.0125,117,NA,NA,NA,NA,NA,0.60781197636807
"519","PALMBEACH","31D",NA,4,NA,NA,NA,NA,NA,NA
"520","PALMBEACH","31E",-0.0383333333333333,119,NA,NA,NA,NA,NA,0.0638663778445058
"521","PALMBEACH","37B",0,154,NA,NA,NA,NA,NA,0.713975942290613
"522","PALMBEACH","38B",0,134,1.43901492537313,0.086,4.93,0.465929819770972,NA,0.718874051264437
"523","PALMBEACH","39",0,51,1.65666666666667,0.086,4.8,0.626876865232895,NA,1
"524","PALMBEACH","43",0,47,1.59285106382979,0.086,3.6,0.564352259334439,NA,1
"525","PALMBEACH","52",NA,55,1.00445454545455,0.41,2.15,0.368930999976414,NA,NA
"526","PALMBEACH","57",NA,55,0.976436363636364,0.53,2.46,0.422573353636419,NA,NA
"527","PALMBEACH","61",NA,55,1.08887272727273,0.51,1.9,0.302146258965492,NA,NA
"528","PALMBEACH","62",NA,55,NA,NA,NA,NA,NA,NA
"529","PALMBEACH","63",NA,51,1.08041176470588,0.59,2.27,0.295720929205946,NA,NA
"530","PALMBEACH","64",NA,51,1.08270588235294,0.64,2.07,0.319869194181102,NA,NA
"531","PALMBEACH","65",NA,53,1.02490566037736,0.49,2.6,0.393554858653238,NA,NA
"532","PALMBEACH","66",NA,51,1.02121568627451,0.33,2.47,0.377784793405722,NA,NA
"533","PALMBEACH","67",NA,1,0.98,0.98,0.98,NA,NA,NA
"534","PALMBEACH","68",NA,52,0.975096153846154,0.34,2.1,0.315492831521403,NA,NA
"535","PALMBEACH","69",NA,55,0.969654545454545,0.43,1.92,0.332306376047586,NA,NA
"536","PALMBEACH","7",NA,4,0.655,0.52,0.91,0.268661805879196,NA,NA
"537","PALMBEACH","70",NA,55,0.9872,0.42,2.49,0.39956269987923,NA,NA
"538","PALMBEACH","G92",NA,7,0.751428571428571,0.54,1.1,0.274182014732361,NA,NA
