Station,Date,Nitrate-Nitrite,NO2,Ammonia,TN,TP,Phosphate,Si,Chlorophyll_a
200,9/22/23 13:14,0.007308,0.000476,0.003808,0.06331434,0.007161,'ND','0.00546',0.225658436
201,9/22/23 12:43,0.002954,0.000882,0.002352,0.076106483,0.006944,'ND','0.00112',0.113438513
203,9/22/23 13:57,0.00931,0.00035,0.004466,0.111095446,0.006107,'ND','ND',0.318794502
204,9/22/23 12:21,0.003052,0.000994,0.002352,0.09014664,0.007285,'0.000217','0.00308',0.16066297
206,9/22/23 14:13,0.00658,0.000294,NaN,0.0559154,0.006541,'0.000155','ND',0.240061705
207,9/22/23 11:45,0.00511,0.001008,0.003668,0.11096173,0.007936,'0.000217','0.02688',0.180260549
209,9/30/23 15:18,0.00812,0.002282,0.01295,0.089428971,0.010354,'0.000837','0.044996',0.268430627
210,9/22/23 14:33,0.00308,0.000182,0.000252,0.054801102,0.00589,'ND','ND',0.191962016
211,9/29/23 13:38,0.005684,0.000728,0.004704,0.136647963,0.007905,'0.00248','0.003864',0.24439981
212,9/29/23 13:27,0.001232,0.000532,0.001218,0.106243539,0.008029,'0.001767','ND',0.174628624
213,9/22/23 14:52,0.003206,7.00E-05,0.00056,0.053241085,0.005828,'ND','ND',0.252752564
214,9/29/23 13:13,0.006384,0.001022,0.002814,0.122090693,0.006975,'0.001767','ND',0.187700018
215,9/29/23 13:04,0.002352,0.000406,0.001484,0.106658145,0.012152,'0.001736','0.001792',0.169662635
216,9/22/23 15:11,0.003164,0.000182,0.00126,0.047446734,0.0062,'0.000558','ND',0.320088323
217,9/29/23 12:47,0.00301,0.000616,0.004508,0.081505394,0.005921,'0.001147','0.01638',0.221815027
218,9/22/23 15:47,0.002142,0.000182,0.001624,0.082836844,0.006231,'ND','ND',0.291053464
219,9/22/23 15:33,0.008764,0.000252,0.001862,0.063180625,0.006479,'ND','ND',0.196452335
220,9/29/23 13:30,0.001358,0.00042,0.002002,0.075700913,0.019654,'0.000186','0.003696',0.215688405
222,9/22/23 16:24,NaN,NaN,0.00091,0.107663408,0.006386,'ND','ND',0.261676122
223,9/29/23 12:02,0.000448,0.000112,NaN,0.08192,0.006541,'6.2e-05','ND',0.14431897
224,9/29/23 11:05,0.001638,0.000238,NaN,0.086342462,0.007998,'ND','ND',0.116615985
225,9/29/23 11:33,0.002744,2.80E-05,NaN,0.068376211,0.005115,'ND','ND',0.168635189
226,9/25/23 15:27,0.000308,0,NaN,0.087516897,0.008122,'0.000403','ND',0.359131267
227,9/25/23 15:15,0.000196,0.000168,0.000126,0.051814783,0.006851,'0.000217','ND',0.323817571
228,9/29/23 11:07,0.003472,8.40E-05,NaN,0.07454923,0.006014,'0.000248','ND',0.125901051
229,9/25/23 13:08,NaN,4.20E-05,NaN,0.041028377,0.006386,'0.00062','ND',0.194207176
230,9/25/23 12:57,0.00063,0.00014,0.001148,0.061843467,0.006262,'0.000589','ND',0.196889951
231,9/2/23 9:50,0.005418,0.000196,0.004214,0.077694351,0.006634,'ND','0.015904',0.533454585
232,9/25/23 13:21,0.002688,0.001162,NaN,0.132489971,0.006293,'0.001426','ND',0.237664331
235,9/2/23 14:48,0.013104,0.002436,0.008204,0.129079175,0.007967,'0.000372','0.070756',1.009181055
237,9/2/23 12:30,NaN,2.80E-05,0.005306,0.104491813,0.0062,'9.3e-05','5.6e-05',0.612244462
238,9/2/23 13:14,0.013608,0.00252,0.007952,0.131381363,0.012245,'0.000465','0.055552',0.547572452
239,9/2/23 12:57,0.006594,0.0014,0.005208,0.114022869,0.008432,'9.3e-05','0.048188',0.651059085
241,9/19/23 10:54,0.003682,0.000826,0.002674,0.200217082,0.007285,'ND','0.051716',0.347391746
242,9/19/23 11:02,0.007014,0.001064,0.00427,0.127070092,0.006386,'ND','0.02464',0.367274727
243,9/19/23 11:19,0.001008,4.20E-05,0.000616,0.082718721,0.007471,'0.000248','ND',0.655416216
244,9/19/23 17:51,0.00812,0.001596,0.003332,0.180947176,0.007037,'0.000837','0.03878',0.236009002
246,9/19/23 11:37,0.036064,0.000924,0.015526,0.081626323,0.006231,'0.001147','ND',0.390867928
247,9/19/23 17:23,0.003486,0.000364,NaN,0.124797904,0.006696,'0.001333','ND',0.46509138
248,9/19/23 12:21,0.0007,0.002268,0.020888,0.111470644,0.007502,'NA','ND',0.57390551
249,9/19/23 12:08,0.0007,NaN,NaN,0.068386455,0.006913,'0.00031','ND',0.236294403
250,9/19/23 16:38,0.004116,0.000658,0.000378,0.12322485,0.00775,'0.001147','0.046424',0.367141539
252,9/19/23 13:10,0.003976,1.40E-05,NaN,0.067643624,0.005859,'0.000651','ND',0.13783084
253,9/19/23 16:06,0.023968,0.026502,0.026502,0.112038691,0.005363,'0.000868','ND',0.287248108
254,9/19/23 16:19,0.000224,9.80E-05,0.000224,0.099410567,0.0062,'ND','ND',0.324749883
255,9/19/23 13:57,0.000784,NaN,1.40E-05,0.061001843,0.005518,'ND','ND',0.165362584
256,9/19/23 14:12,0.005208,0.000336,0.001932,0.057462472,0.005673,'ND','ND',0.130067915
259,9/19/23 14:35,0.000616,0.000168,0.000728,0.055408763,0.007564,'ND','ND',0.181249942
260,9/19/23 15:27,0.002478,0.000686,0.003234,0.097837513,0.007223,'ND','0.0119',0.270694814
263,9/19/23 15:03,0.008778,0.000126,0.002562,0.062793376,0.006386,'ND','ND',0.119698322
264,9/29/23 10:49,0.000896,NaN,NaN,0.076368889,0.006448,'0.000341','ND',0.069410555
266,9/20/23 14:30,0.00224,0.00021,0.00203,0.109713716,0.006913,'ND','ND',0.251877333
267,9/20/23 15:13,NaN,NaN,0.00035,0.075348761,0.006944,'ND','ND',0.145517657
268,9/20/23 14:11,0.002002,0.00042,0.002184,0.117825807,0.010075,'ND','ND',0.431699389
269,9/20/23 13:58,0.000434,0.000196,7.00E-05,0.077220782,0.00744,'ND','ND',0.205604214
270,9/20/23 15:33,0.006272,2.80E-05,0.001512,0.074546466,0.007471,'ND','ND',0.240499321
271,9/20/23 13:31,0.000644,0.000308,0.002352,0.091260939,0.007843,'ND','ND',0.529839497
272,Not collected,NaN,NaN,NaN,NaN,NaN,'NA','NA',NaN
273,9/20/23 15:56,0.002478,0.000154,0.001372,0.066033228,0.007099,'ND','ND',0.1984882
275,9/20/23 13:06,0.00049,0.000238,0.002758,0.087115749,0.007781,'ND','ND',0.476374258
276,9/20/23 16:27,0.002142,2.80E-05,0.00154,0.072585301,0.008246,'ND','ND',0.400286182
278,9/20/23 12:14,0.002534,0.000686,0.002198,0.106281678,0.009393,'ND','ND',0.796195329
280,9/20/23 12:42,NaN,NaN,NaN,0.076463059,0.008091,'ND','ND',0.439272045
281,9/6/23 7:16,0.014966,0.001582,0.009576,0.16536165,0.01023,'0.001519','0.0931',0.384741307
282,9/1/23 14:28,0.00252,0.00168,0.00833,0.297737431,0.007998,'ND','0.042392',0.196433308
284,9/1/23 14:49,0.002758,0.001736,0.00959,0.314819662,0.011098,'ND','0.27353',0.398840147
285,9/1/23 17:14,0.009324,0.002772,0.035448,0.221903375,0.010044,'ND','0.10186',0.385064762
287,9/1/23 15:04,0.003136,0.001988,0.003808,0.30952463,0.01023,'0.000155','0.39892',0.459535561
288,9/1/23 15:20,0.002324,0.00014,0.031136,0.230789818,0.00961,'ND','0.13768',0.299482325
289,9/1/23 16:57,0.01106,0.002576,0.035182,0.200861381,0.008649,'ND','0.092316',0.601513361
290,9/1/23 15:43,0.001484,4.20E-05,0.009114,0.159283875,0.010602,'ND','0.32113',1.064606052
291,9/1/23 15:58,0.000686,8.40E-05,0.001848,0.190064122,0.007998,'0.001581','0.07266',0.301480137
292,9/1/23 16:29,0.007938,0.00196,0.008778,0.176227975,0.008153,'0.000403','0.082572',0.43080513
294,9/1/23 16:15,0.000434,0.00021,0.002086,0.196210962,0.007936,'0.000124','0.03164',0.351273208
295,9/27/23 12:11,0.001008,0.00042,0.00028,0.10725702,0.008618,'0.000961','0.001988',0.376921302
296,9/27/23 11:37,0.006216,0.000616,0.003248,0.161247906,0.008029,'0.00124','0.12998',0.223603544
301,9/27/23 13:51,0.002842,0.001414,0.00266,0.138536722,0.008153,'0.001302','0.016548',0.21182597
302,9/27/23 12:34,0.000238,8.40E-05,NaN,0.110988472,0.008618,'0.00124','ND',0.64270633
305,9/27/23 12:50,0.003332,0.000518,0.000812,0.086849202,0.008928,'0.001364','ND',0.426524106
307,9/27/23 13:01,0.004466,0.002646,0.005194,0.156134434,0.009362,'0.001302','0.0231',0.197612969
309,9/30/23 15:02,0.000588,0.000238,0.000602,0.142037838,0.010013,'0.000279','0.010276',0.506474617
310,9/30/23 14:39,0.001316,0.000938,0.001008,0.127526636,0.009703,'0.000248','0.050484',0.391001116
312,9/30/23 15:24,0.00063,NaN,NaN,0.097813221,0.011098,'0.000279','0.04984',0.419236851
314,9/30/23 15:48,0.003752,0.00014,NaN,0.092976154,0.009238,'0.000558','0.022792',0.588898609
315,9/27/23 13:38,0.0021,0.00112,0.002268,0.108592972,0.009145,'0.001426','ND',0.379147435
316,9/30/23 16:08,0.005628,0.001134,0.000294,0.092607616,0.008897,'0.000341','0.016324',0.558018152
317,9/30/23 16:21,0.006986,0.002198,0.004018,0.139135597,0.01426,'0.000713','0.048132',0.579956024
318,9/6/23 12:38,0.00056,0.000714,0.000658,0.086857057,0.009703,'9.3e-05','ND',0.786605834
319,9/6/23 12:05,0.016688,0.003192,0.007196,0.113976825,0.008804,'0.000217','0.03598',0.682491318
322,9/6/23 7:40,0.016226,0.001498,0.011942,0.096434157,0.007409,'0.000217','0.01316',0.190744303
324,9/6/23 11:44,0.031444,0.004802,0.012614,0.1311051,0.010602,'0.000372','0.077784',0.640004528
325,9/6/23 8:08,0.019712,0.003122,0.010696,0.173557438,0.009207,'3.1e-05','0.01764',0.705342475
328,9/6/23 8:33,0.005782,1.40E-05,NaN,0.098690301,0.007471,'0.000217','ND',0.252562296
330,9/6/23 11:01,0.021504,0.002506,0.021504,0.1230014,0.010757,'0.00031','0.098448',0.581554273
332,9/6/23 9:27,0.019502,0.001554,0.019502,0.120883388,0.008432,'0.000248','0.10069',0.288541929
333,9/6/23 9:56,0.013664,0.001232,0.013664,0.092382307,0.007564,'0.000434','0.005964',0.267384155
335,9/6/23 9:04,0.001512,NaN,0.001512,0.075254032,0.005828,'9.3e-05','ND',0.305570893
337,9/6/23 10:20,0.021098,0.000672,0.021098,0.067426595,0.006851,'0.000558','0.00126',0.293507918
400,9/22/23 16:10,0.0133,0.000742,0.00406,0.064874358,0.00806,'6.2e-05','ND',0.138706071
401,9/2/23 12:13,0.002856,0.00042,0.00644,0.105688951,0.008029,'0.000279','0.032396',0.607012099
402,9/19/23 12:53,0.005348,NaN,0.000938,0.052699616,0.005053,'ND','ND',0.145479603
403,9/20/23 16:13,0.000896,NaN,0.00014,0.068752115,0.008091,'ND','ND',0.319498493
500,9/29/23 12:14,0.00546,0.000896,0.00189,0.152034444,0.011036,'0.000217','0.007056',0.45104962
501,9/29/23 14:42,0.015078,0.003164,0.038836,0.538539165,0.012338,'6.2e-05','0.73172',0.697693712
502,9/25/23 13:29,0.003486,0.000854,0.002198,0.120767554,0.007781,'0.001054','ND',0.309985105
503,9/2/23 15:11,0.015456,0.001792,0.019782,0.222133594,0.008494,'0.001085','0.034468',0.428046248
504,9/19/23 17:13,0.007252,0.001008,0.010052,0.16941145,0.010602,'ND','0.15375',2.001980933
505,9/1/23 16:47,0.01414,0.003374,0.007714,0.141464944,0.00899,'ND','0.025984',0.690691858
506,9/19/23 15:42,0.024444,0.002968,0.016884,0.213588037,0.007564,'ND','0.070336',0.290197259
507,Not collected,NaN,NaN,NaN,NaN,NaN,'NA','NA',NaN
508,9/30/23 16:39,0.040026,0.002968,0.012614,0.162445656,0.008742,'0.000713','0.021084',0.541141402
509,9/30/23 16:52,0.02688,0.002632,0.008722,0.273333333,0.010695,'0.001178','0.022568',0.753594378
200,11/8/23 11:34,0.00378658,0.00028,0.002758,0.084035048,0.00558,'0.00031','0.002352',0.342550781
201,11/8/23 11:04,0.001078,0.00021,0.00133,0.090552377,0.006262,'0.000217','ND',0.472896765
203,11/8/23 12:04,0.00133,0.00021,0.0021,0.084930559,0.005611,'9.3e-05','0.000168',0.299980003
204,11/8/23 10:36,0.002114,0.000448,0.001092,0.105626808,0.005983,'0.000279','0.02352',0.336516973
206,11/8/23 12:26,0.000658,8.40E-05,0.00049,0.073338669,0.004836,'0.000279','0.003136',0.231347889
207,11/8/23 10:08,0.002562,0.000532,0.001554,0.102990026,0.0062,'0.000155','0.016828',0.240585316
209,11/30/23 10:27,0.003262,0.001386,0.003654,0.28,0.00744,'0.000868','ND',0.149685108
210,11/8/23 13:00,0.004088,0.000364,0.001036,0.086174324,0.005425,'0.000372','0.00476',0.272562535
211,11/9/23 9:03,0.013384,0.001344,0.002506,0.141894995,0.007285,'0.000713','0.009996',0.24976378
212,11/9/23 9:13,0.001722,1.40E-05,NaN,0.088512602,0.006448,'0.00093','0.00112',0.404087765
213,11/8/23 13:22,0.0027419,0.00021,0.001708,0.08249278,0.005766,'9.3e-05','0.003528',0.344693078
214,11/9/23 9:45,0.018144,0.00056,0.002366,0.154631148,0.006975,'0.000868','ND',0.358057865
215,11/9/23 9:34,0.005502,0.000518,0.000238,0.102194017,0.006293,'0.000899','0.005376',0.595614923
216,11/8/23 13:41,0.00651,0.000532,0.002884,0.079706746,0.006045,'0.00124','0.00028',0.253989411
217,11/9/23 10:09,0.005544,0.001036,0.000322,0.139457216,0.006665,'0.001581','ND',0.499113297
218,11/8/23 14:22,0.000756,0.000364,0.001582,0.088910607,0.006076,'0.000434','ND',0.178006665
219,11/8/23 14:07,0.0063,0.000448,7.00E-05,0.08587582,0.005952,'0.001488','ND',0.287421034
220,11/9/23 10:28,0.007224,0.001134,NaN,0.120054482,0.00682,'0.000868','0.013132',0.494101502
222,11/11/23 9:50,0.00598374,0.00014,0.001106,0.091399085,0.005332,'ND','0.002828',0.259296018
223,11/9/23 11:12,0.011984,0.001526,NaN,0.025777097,0.007192,'0.000868','0.013944',0.453655402
224,11/11/23 10:24,0.001932,0.000308,NaN,0.110201853,0.006293,'ND','0.003444',0.286811757
225,11/11/23 10:15,0.0064134,0.000252,0.001218,0.104083492,0.005673,'0.000248','0.002604',0.223800715
226,11/9/23 11:40,0.001554,NaN,NaN,0.132467256,0.007223,'0.000527','ND',0.247090823
227,11/9/23 11:28,0.004368,0.000602,0.004312,0.097069705,0.007192,'0.000868','0.022736',0.312794475
228,11/11/23 10:49,0.0036631,0.000112,0.00217,0.085728409,0.006789,'9.3e-05','0.003332',0.370754413
229,11/9/23 12:10,0.001134,5.60E-05,0.001624,0.154771377,0.007533,'0.000961','ND',0.298171826
230,11/9/23 12:01,0.00240702,0.000126,0.001008,0.120999743,0.006572,'0','0.021392',0.484296143
231,11/11/23 11:18,0.00589918,0.000322,0.001666,0.087220692,0.006324,'0.000527','0.001092',0.167629301
232,11/9/23 12:23,0.000602,0.000322,0.00028,0.130303105,0.006975,'6.2e-05','ND',0.260219761
235,11/9/23 14:20,0.00273392,0.000574,1.40E-05,0.117666453,0.007936,'0.000558','0.009744',0.292079055
237,11/11/23 12:25,0.000952,9.80E-05,0.00056,0.123881115,0.00589,'ND','0.007952',0.121852868
238,11/9/23 15:00,0.001274,0.000308,NaN,0.115527177,0.007254,'0.000279','0.000896',0.25336048
239,11/9/23 14:41,0.0013993,NaN,NaN,0.087268837,0.006138,'0.000341','0.002828',0.215978384
241,11/17/23 8:57,0.007112,0.0014,0.008036,0.169489343,0.010106,'ND','0.080892',0.199311708
242,11/17/23 8:52,0.004606,0.00105,0.008008,0.082560499,0.009145,'0.000279','0.033124',0.266607343
243,11/17/23 9:11,0.004592,0.000252,0.000448,0.071623793,0.005828,'ND','0.009436',0.126729121
244,11/17/23 13:34,0.06384,0.001652,0.007938,0.080712042,0.006014,'0.000248','0.029036',0.393808671
246,11/17/23 9:47,0.002996,0.000126,NaN,0.577844392,0.005952,'0.000279','0.002156',0.214818792
247,11/17/23 13:00,0.013944,0.001344,0.009282,0.07075091,0.005983,'0.001023','0.027832',0.310042902
248,11/17/23 10:32,0.000168,0.000238,NaN,0.068953799,0.009238,'NA','0.006104',0.276571971
249,11/17/23 10:13,0.001582,9.80E-05,0.000126,0.043537509,0.005208,'0.00031','0.00378',0.178380093
250,11/17/23 12:05,0.014826,0.001596,0.007042,0.103817759,0.008742,'0.00093','0.081536',0.199390325
252,11/17/23 11:41,0.00441,0.000252,0.00021,0.090159713,0.005673,'0.000744','0.014728',0.208726022
253,11/18/23 8:27,0.006342,0.000742,0.001358,0.143333333,0.007006,'0.000682','0.044324',0.101355679
254,11/18/23 15:00,0.00651,0.001204,0.000882,0.116666667,0.006758,'0.000434','0.07308',0.325785835
255,11/18/23 14:37,0.002926,0.00042,NaN,0.096666667,0.00589,'0.000558','0.0364',0.374272497
256,11/18/23 14:13,0.004676,5.60E-05,NaN,0.1,0.006045,'ND','0.016632',0.426355859
259,11/18/23 13:42,0.013454,0.000826,NaN,0.093333333,0.005487,'0.000868','0.011816',0.309551549
260,11/18/23 8:55,0.007546,0.001302,0.011774,0.336666667,0.009052,'ND','0.04564',0.189838433
263,11/18/23 13:21,0.003346,0.000112,0.000182,0.083333333,0.005425,'ND','0.016492',0.326218225
264,11/11/23 11:03,0.00393974,NaN,0.001778,0.07587934,0.005611,'0.000527','0.00392',0.162892663
266,11/18/23 9:39,0.005838,0.002618,0.002058,0.263333333,0.007905,'ND','0.02912',0.224331376
267,11/18/23 12:46,0.00133,0.00021,0.000168,0.073333333,0.005239,'0.000372','0.008652',0.22904836
268,11/18/23 9:56,0.021966,0.001218,0.009114,0.156666667,0.006293,'0.000217','0.031668',0.153753507
269,11/18/23 10:08,0.001414,0.000196,0.000798,0.083333333,0.005704,'ND','0.016996',0.161595492
270,11/18/23 12:22,0.00357,NaN,NaN,0.066666667,0.005363,'ND','0.004424',0.21192964
271,11/18/23 10:34,0.005642,0.001316,0.002212,0.123333333,0.007161,'ND','0.031472',0.359138841
272,11/18/23 10:54,0.005096,0.000308,NaN,0.086666667,0.008122,'ND','0.009296',0.284354994
273,11/18/23 11:48,0.007868,0.000378,0.001512,0.073333333,0.009331,'0.000434','ND',0.115211819
275,11/19/23 10:31,0.00126,5.60E-05,0.006146,0.041226938,0.005642,'0.000589','0.032732',0.586674344
276,11/19/23 11:04,0.004466,0.000238,0.000378,0.05170153,0.005332,'ND','0.002408',0.246343967
278,11/19/23 11:09,0.01225,0.002044,0.001064,0.085692607,0.00682,'6.2e-05','0.028588',0.858313645
280,11/19/23 11:29,0.00042,8.40E-05,0.00112,0.041278284,0.005115,'6.2e-05','0.001176',0.346088519
281,12/3/23 7:38,0.004578,0.000196,NaN,0.113333333,0.006975,'0.000279','0.024164',0.30768441
282,11/10/23 15:50,0.011648,0.000924,0.002632,0.171683919,0.006355,'0.00062','0.035224',0.214170207
284,11/10/23 15:31,0.001134,0.000378,0.00161,0.197400932,0.00682,'0','0.27003',0.211005897
285,11/10/23 10:19,0.001484,0.00063,0.002856,0.139052661,0.00589,'0.00031','0.00336',0.149920958
287,11/10/23 15:14,0.00587482,0.00035,0.00042,0.181135046,0.006417,'0.000558','0.17811',0.181505095
288,11/10/23 14:52,0.00200718,NaN,8.40E-05,0.349763043,0.007874,'0.000589','0.7987',0.309492587
289,11/10/23 10:51,0.00105,0.000574,0.005978,0.14370361,0.005797,'ND','0.00854',0.144064036
290,11/10/23 14:26,0.00194796,0.000476,0.000616,0.408459514,0.00806,'0.000434','0.6965',0.324252815
291,11/10/23 13:20,0.00199402,NaN,NaN,0.225629956,0.005828,'0.000589','0.075656',0.18292019
292,11/10/23 11:38,0.004536,0.001218,0.00308,0.166610157,0.007223,'0.000217','0.009884',0.168356502
294,11/10/23 12:08,0.003038,0.000336,0.001414,0.161138452,0.011315,'0.000124','0.022876',0.202476018
295,12/1/23 9:13,0.001064,0.00063,0.002226,0.236666667,0.012834,'0.000372','0.32841',0.389976122
296,12/1/23 8:51,0.000714,0.000448,0.003304,0.256666667,0.008959,'0.000341','0.20325',0.193238592
301,12/1/23 14:02,0.015358,0.002198,0.018774,0.396666667,0.013795,'0.000496','0.03318',0.177692199
302,12/1/23 9:45,0.00371,0.00056,0.00546,0.24,0.009672,'0.000806','0.054264',0.180797547
305,12/1/23 9:52,0.0007,0.000644,0.002744,0.203333333,0.008184,'0.000155','0.005796',0.2028691
307,12/1/23 10:31,0.000322,0.000434,0.005502,0.213333333,0.008029,'0.000279','ND',0.302613652
309,11/30/23 12:19,0.001792,0.00077,0.00203,0.156666667,0.009052,'0.000372','0.005768',0.451237948
310,11/30/23 12:00,0.00035,0.00056,0.00385,0.226666667,0.007564,'0.000217','ND',0.18301846
312,11/30/23 11:21,NaN,0.00028,0.00098,0.15,0.009827,'0.000124','0.010556',0.474842521
314,11/30/23 11:06,0.005236,0.001218,0.00455,0.18,0.007843,'0.000372','0.02534',0.281269301
315,12/1/23 13:22,0.001386,0.000672,0.003822,0.223333333,0.007192,'9.3e-05','0.051604',0.389366845
316,11/30/23 10:46,0.00427,0.00126,0.004438,0.17,0.007316,'6.2e-05','0.029876',0.256053092
317,11/30/23 9:20,0.001624,0.001204,0.003766,0.18,0.007316,'ND','0.010808',0.197916267
318,12/3/23 14:44,0.006104,0.001106,0.00189,0.12,0.005859,'0.000713','0.018088',0.35707516
319,12/3/23 14:21,0.003472,0.000126,NaN,0.12,0.007564,'0.000465','ND',0.431269384
322,12/3/23 8:01,0.000196,0.000196,NaN,0.086666667,0.006789,'0.000558','0.011508',0.283175748
324,12/3/23 14:05,0.00497,0.000644,0.001428,0.113333333,0.005952,'ND','0.021504',0.535671957
325,12/3/23 8:24,0.002352,0.000378,NaN,0.116666667,0.006572,'ND','ND',0.363167931
328,12/3/23 9:40,0.000322,4.20E-05,NaN,0.08,0.004743,'0.000403','0.010108',0.258136426
330,12/3/23 13:01,0.00238,NaN,0.00238,0.09,0.006479,'ND','0.028728',0.321874669
332,12/3/23 10:25,0.009394,0.00028,0.009394,0.076666667,0.005332,'0.000341','0.009324',0.216155271
333,12/3/23 11:40,0.000112,NaN,0.000112,0.086666667,0.004681,'ND','0.009184',0.214445364
335,12/3/23 10:07,0.00854,NaN,0.00854,0.076666667,0.00434,'ND','0.009352',0.389327537
337,12/3/23 12:29,0.002352,0.000126,0.002352,0.083333333,0.00496,'ND','0.006076',0.252967398
400,11/11/23 9:35,0.00410816,0.000154,0.005964,0.076923939,0.007068,'0.000806','0.006048',0.277220556
401,11/112312:15,0.00115668,1.40E-05,NaN,0.074387057,0.006324,'0.000403','0.000672',0.280718986
402,11/17/23 11:06,0.004116,0.000322,0.001232,0.076553012,0.006107,'0.000558','0.00938',0.309531895
403,11/18/23 11:11,0.001288,9.80E-05,NaN,0.103333333,0.009052,'ND','0.003248',0.143788879
500,11/9/23 10:57,0.00732368,0.000406,0.001736,0.183386995,0.008308,'0.000682','0.010528',0.355404562
501,11/11/23 15:35,0.0111818,0.002646,0.01925,0.464569361,0.008122,'0.000558','0.16834',0.803557325
502,11/9/23 13:56,0.00217084,0.000294,0.000476,0.124532036,0.007719,'0.000589','0.003304',0.362853465
503,11/9/23 15:33,0.016716,0.002744,0.021224,0.197167911,0.007936,'0.000465','0.0504',0.163108858
504,11/17/23 12:46,0.030436,0.00175,0.020566,0.04132963,0.009021,'0.001488','0.21882',0.942569749
505,01/00/00 11:19,0.00437864,0.0007,0.002814,0.183671927,0.01116,'0.00062','0.039536',0.380365267
506,11/18/23 9:10,0.008372,0.001946,0.020706,0.306666667,0.014198,'ND','0.085176',0.301277173
507,12/1/23 14:30,0.001148,0.000728,0.005712,0.243333333,0.008711,'0.000217','0.044044',0.753891417
508,11/30/23 9:42,0.007854,0.00133,0.003934,0.23,0.019716,'0.001302','0.007196',0.267118349
509,11/30/23 9:59,0.00595,0.001358,0.005586,0.2,0.008432,'0.001705','0.032928',0.420400667
200,3/3/24 11:54,0.000966,0.000112,0.003486,0.12,0.011284,'0.000744','ND',0.138384002
201,3/3/24 11:32,0.000308,NaN,NaN,0.113333333,0.005735,'0.000558','ND',0.088521553
203,3/3/24 12:36,0.00063,NaN,0.001596,0.073333333,0.005394,'0.00031','0.001428',0.077456295
204,3/3/24 11:06,0.000854,NaN,0.00196,0.12,0.005859,'0.000465','ND',0.044850145
206,3/3/24 13:32,0.000448,5.60E-05,0.000476,0.12,0.005797,'ND','ND',0.113600183
207,3/3/24 10:46,0.00287,0.000252,0.003556,0.126666667,0.006138,'9.3e-05','ND',0.04986194
209,3/9/24 11:19,0.004004,0.000756,0.004522,0.276666667,0.006758,'0.000403','0.049168',0.227318799
210,3/3/24 13:57,0.006272,7.00E-05,0.001862,0.066666667,0.005673,'0.000341','ND',0.13689029
211,3/11/24 8:40,0.004998,0.000938,0.000784,0.156666667,0.005332,'0','0.01918',0.180758239
212,3/11/24 8:53,0.0007,0.00021,2.80E-05,0.14,0.004557,'0.000279','0.001484',0.167766879
213,3/3/24 14:18,0.00105,5.60E-05,0.000574,0.073333333,0.004712,'0.00031','ND',0.267000425
214,3/11/24 9:13,0.004088,0.00049,NaN,0.145,0.005487,'0.000248','0.00126',0.132841546
215,3/11/24 9:23,0.000336,0.000518,0.000616,0.1,0.005301,'0.000248','0.001708',0.177849432
216,3/3/24 14:39,0.001666,0.000168,0.00091,0.066666667,0.005487,'0.000434','ND',0.197424915
217,3/11/24 10:00,0.00105,NaN,NaN,0.143333333,0.004712,'ND','0.004536',0.187322708
218,3/11/24 9:45,0.003416,NaN,0.004452,0.1,0.005208,'ND','ND',0.230384839
219,3/3/24 16:26,0.00259,0.000196,0.001078,0.073333333,0.005673,'0.000589','0.0014',0.157016087
220,3/11/24 10:19,0.000966,NaN,NaN,0.12,0.005115,'ND','0.000812',0.175451632
222,3/3/24 16:56,0.013972,0.001302,0.003206,0.063333333,0.00589,'0.001674','ND',0.190388747
223,3/8/24 14:39,0.000336,0.00014,0.0098,0.12,0.006448,'3.1e-05','ND',0.139248782
224,3/8/24 14:24,0.000378,0.000126,0.000546,0.093333333,0.005239,'0.000124','ND',0.171540466
225,3/8/24 14:02,0.00714,1.40E-05,NaN,0.145,0.004526,'0.000155','ND',0.104834455
226,3/8/24 15:18,0.001834,0.000294,0.001876,0.18,0.007533,'6.2e-05','0.006804',0.137106485
227,3/8/24 12:50,0.004508,0.000196,0.001176,0.123333333,0.004526,'0.000527','ND',0.086890262
228,3/8/24 13:12,0.0007,5.60E-05,0.002114,0.113333333,0.005952,'0.000403','ND',0.139032587
229,3/8/24 11:56,0.010234,0.000616,0.002954,0.173333333,0.005952,'0.000403','ND',0.081406769
230,3/8/24 11:49,0.00427,0.000266,NaN,0.123333333,0.004836,'0.000341','ND',0.106976751
231,3/8/24 11:34,0.006804,0.000196,0.001232,0.106666667,0.005394,'0.000465','ND',0.075628464
232,2/15/24 12:38,0.00644,0.001204,0.001988,0.186666667,0.009238,'0.001085','0.001316',0.477417208
235,2/15/24 12:07,0.006552,0.000966,0.002464,0.126666667,0.007316,'0.001178','0.001008',0.310986298
237,2/15/24 11:20,0.00399,0.000168,0.001862,0.113333333,0.00651,'0.001116','0.00574',0.366253624
238,2/15/24 11:51,0.011494,0.001288,0.00441,0.196666667,0.008029,'0.00093','0.003808',0.382684451
239,2/15/24 11:37,0.00294,0.000182,0.000714,0.116666667,0.005952,'0.000992','0.000756',0.314130954
241,2/23/24 8:11,0.001638,0.00056,0.002744,0.353333333,0.011005,'0.000558','0.033628',0.124174088
242,2/23/24 8:23,0.006216,0.000966,0.005096,0.25,0.008184,'0.000651','0.015372',0.086143407
243,2/23/24 8:44,0.00126,1.40E-05,NaN,0.183333333,0.008029,'0.00062','0.004088',0.248368339
244,2/23/24 12:48,0.003962,0.000882,0.00203,0.28,0.008401,'0.000868','0.029316',0.261615202
246,2/23/24 9:08,0.003948,0.000308,0.002898,0.163333333,0.006758,'0.000868','0.003864',0.159217346
247,2/23/24 12:11,0.002394,0.000532,0.00378,0.306666667,0.009424,'0.000682','0.053116',0.190526326
248,2/23/24 9:52,0.000462,0.000294,0.001722,0.203333333,0.006789,'NA','0.007924',0.159492504
249,2/23/24 9:39,0.001442,NaN,0.002562,0.163333333,0.005487,'0.000558','0.002408',0.108509771
250,2/23/24 11:20,0.003304,0.000392,0.001078,0.283333333,0.010633,'0.000868','0.24321',0.184394247
252,2/23/24 10:55,0.00175,0.000434,0.015526,0.213333333,0.006448,'0.000744','0.013972',0.210455582
253,2/22/24 13:58,0.005838,0.00042,0.003136,0.176666667,0.006944,'0.000465','0.075208',0.151591556
254,2/22/24 9:23,0.001778,0.000448,0.003794,0.25,0.008339,'0.000868','0.16632',0.052672476
255,2/22/24 9:47,0.001946,0.000252,0.001582,0.153333333,0.006324,'0.000775','0.065212',0.196933562
256,2/22/24 10:08,0.004494,0.000126,0.00294,0.086666667,0.005642,'0.001023','0.000168',0.147464195
259,2/22/24 10:35,0.001288,0.000154,0.003696,0.123333333,0.005146,'0.000899','0.0616',0.15391074
260,2/22/24 13:11,0.004018,0.000322,0.0028,0.2,0.007812,'0.000713','0.002184',0.242786575
263,2/22/24 11:02,0.000364,NaN,0.004158,0.146666667,0.006262,'0.00093','0.05502',0.213148194
264,3/8/24 13:26,0.009898,0.00021,0.000434,0.083333333,0.00465,'0.00062','0.001988',0.079166201
266,2/22/24 12:49,0.005236,0.000574,0.003458,0.223333333,0.008246,'0.000868','0.011648',0.176630878
267,2/22/24 11:27,0.01071,0.001778,0.001778,0.23,0.006169,'0.000775','0.014364',0.157389515
268,2/22/24 12:26,0.005096,0.001064,0.012012,0.256666667,0.0062,'0.000868','0.020692',0.080758183
269,2/22/24 12:10,0.007098,0.001246,0.006692,0.28,0.008029,'0.000589','0.047824',0.088010546
270,2/22/24 11:51,0.001806,0.00042,0.003738,0.22,0.007471,'0.00062','0.02842',0.19260966
271,2/16/24 11:07,0.003864,0.000798,0.003584,0.196666667,0.007316,'0.000837','0.072884',0.292590062
272,2/16/24 11:26,0.001162,0.000224,NaN,0.176666667,0.00651,'0.000775','0.052472',0.335652192
273,2/16/24 11:40,0.001624,1.40E-05,0.000378,0.093333333,0.005549,'0.00124','0.002324',0.160809328
275,2/16/24 10:42,0.0014,0.000112,0.001204,0.123333333,0.00589,'0.001054','0.026264',0.354598744
276,2/16/24 13:11,0.001582,NaN,0.001512,0.093333333,0.005735,'0.001116','0.00938',0.172739366
278,2/16/24 15:12,0.00042,5.60E-05,NaN,0.155,0.006231,'0.000868','0.014252',0.304696987
280,2/16/24 13:37,0.000868,1.40E-05,NaN,0.136666667,0.006789,'0.000992','0.007028',0.172287322
281,2/26/24 7:34,0.002604,0.00028,0.003346,0,0.007533,'0.001426','0.013188',0.214170207
282,3/10/24 9:43,0.001358,0.000546,0.001064,0.273333333,0.007781,'ND','0.22484',0.11334468
284,3/10/24 10:04,0.000616,0.000308,0.000252,0.27,0.00868,'0.000651','0.20012',0.134649723
285,3/10/24 16:31,0.00133,0.0007,0.004144,0.303333333,0.008029,'0','0.15588',0.242865191
287,3/10/24 10:18,0.001176,0.000588,0.002478,0.376666667,0.007688,'0.000403','0.51587',0.163875368
288,3/10/24 10:35,0.000504,0.000616,0.000616,0.253333333,0.009052,'0.000124','0.41608',0.156662314
289,3/10/24 16:08,0.000336,9.80E-05,0.0007,0.266666667,0.007192,'0.000341','0.15165',0.141607274
290,3/10/24 11:21,0.00105,0.000392,0.002758,0.226666667,0.007626,'0.000589','0.23906',0.256367557
291,3/10/24 11:02,0.001484,0.000154,NaN,0.213333333,0.007347,'0.000186','0.39502',0.166882445
292,3/10/24 15:49,0.001092,0.000336,0.00035,0.18,0.008866,'0','0.38783',0.190958716
294,3/10/24 15:33,0.000378,0.000224,NaN,0.233333333,0.008525,'ND','0.36529',0.212617533
295,3/10/24 12:18,0.000462,0.000182,0.00077,0.21,0.007347,'0.000186','0.065632',0.18421736
296,3/10/24 11:55,0.001302,0.000644,0.000406,0.18,0.006355,'0.000124','0.29929',0.147483849
301,3/10/24 13:44,0.001176,0.000504,0.001008,0.183333333,0.007254,'ND','0.09506',0.171992511
302,3/10/24 12:46,0.000448,0.00021,NaN,0.176666667,0.005301,'0','0.020552',0.164248796
305,3/9/24 12:44,0.000854,0.000224,0.00203,0.153333333,0.007161,'0.000837','0.0014',0.207782625
307,3/9/24 12:25,0.001414,0.000406,0.002156,0.203333333,0.003875,'0.000837','0.072352',0.163698481
309,3/9/24 12:44,0.001106,0.000266,0.00161,0.17,0.007347,'0.000341','0.000672',0.274645869
310,3/9/24 11:42,0.003192,0.000854,0.00707,0.273333333,0.006541,'0.001736','0.073108',0.138816392
312,3/9/24 13:10,0.001064,0.00021,0.002786,0.156666667,0.007471,'0.000682','ND',0.330719014
314,3/10/24 13:18,0.000826,0.000868,0.000434,0.16,0.006603,'3.1e-05','0.11648',0.13132818
315,3/9/24 13:31,0.000448,1.40E-05,0.000658,0.146666667,0.006603,'0.000124','0.035868',0.230718958
316,3/9/24 13:50,0.003794,0.000854,0.004284,0.18,0.006882,'ND','0.049112',0.265172594
317,3/9/24 10:21,0.004872,0.000854,0.002814,0.176666667,0.008463,'ND','0.038948',0.210376966
318,2/26/24 13:38,0.000406,7.00E-05,0.003542,0.186666667,0.008587,'0.000651','0.045724',0.599724666
319,2/26/24 13:06,0.000308,0,0.00336,0.163333333,0.006231,'0.000806','0.089544',0.416312614
322,2/26/24 7:56,0.001512,5.60E-05,0.003374,0.136666667,0.005239,'0.00062','0.009268',0.149920958
324,2/26/24 12:37,0.000994,0.00021,0.001904,0.166666667,0.006758,'0.001178','0.052724',0.384217471
325,2/26/24 8:23,0.000406,NaN,NaN,0.163333333,0.007316,'0.00031','0.031584',0.228989398
328,2/26/24 8:48,0.004564,0.000882,0.000448,0.143333333,0.005611,'0.000372','0.010192',0.253006706
330,2/26/24 11:34,0.004088,0.000252,0.004088,0.133333333,0.008029,'0.000899','0.1001',0.316921836
332,2/26/24 9:34,0.001036,NaN,0.001036,0.126666667,0.00713,'0.000558','0.082152',0.166253514
333,2/26/24 10:05,0,1.40E-05,0,0.14,0.009424,'0.000527','0.092764',0.28903267
335,2/26/24 9:14,0.000882,7.00E-05,0.000882,0.113333333,0.005921,'0.000465','0.00994',0.210376966
337,2/26/24 10:33,0.001162,1.40E-05,0.001162,0.126666667,0.007161,'0.001054','0.064904',0.125392642
400,3/3/24 16:44,0.000714,NaN,7.00E-05,0.073333333,0.00558,'0.000124','ND',0.219810933
401,2/15/24 11:09,0.003906,0.000252,0.005614,0.19,0.007254,'0.001302','0.002828',0.280935181
402,2/23/24 10:36,0.004564,0.000714,0.011536,0.206666667,0.00651,'0.000899','0.01974',0.141744852
403,2/16/24 12:57,0.000994,1.40E-05,NaN,0.11,0.006417,'0.001209','0.006188',0.160062473
500,3/8/24 14:53,0.009254,0.00049,0.002534,0.183333333,0.008773,'3.1e-05','0.0483',0.399901442
501,3/11/24 7:32,0.005418,0.00084,0.02716,0.126666667,0.011346,'3.1e-05','0.36397',0.372641207
502,2/15/24 12:46,0.010724,0.001358,0.00574,0.216666667,0.008742,'0.000899','0.012992',0.459571286
503,2/15/24 13:53,0.009184,0.001008,0.009898,0.273333333,0.009455,'0.001085','0.052472',0.282094773
504,2/23/24 11:58,0.003836,0.00049,0.006132,0.343333333,0.014229,'0.001054','0.09072',0.261870705
505,3/10/24 15:10,0.004466,0.001232,0.001918,0.253333333,0.011191,'0.000279','0.09982',0.76943781
506,2/22/24 13:27,0.001652,0.000308,0.00434,0.286666667,0.009982,'0.000465','ND',0.212303068
507,3/10/24 14:04,0.00154,0.000994,0.002394,0.5,0.021514,'0.000403','0.0588',1.02572726
508,3/9/24 10:36,0.011032,0.001918,0.012586,0.26,0.007905,'0.00155','0.074088',0.247012206
509,3/9/24 10:52,0.001344,0.000784,0.002646,0.26,0.01054,'ND','0.0504',0.436025676
200,6/6/24 11:30,0.00217,NaN,0.003724,0.04,0.005797,'ND','0.0021',0.210239387
201,6/6/24 11:07,0.000826,NaN,0.000686,0.066666667,0.00558,'ND','ND',0.18345085
203,6/6/24 12:02,0.001764,NaN,0.00161,0.033333333,0.0062,'ND','ND',0.238914718
204,6/6/24 10:49,0.002058,0.00056,0.00273,0.083333333,0.006665,'0.000713','ND',0.171226001
206,6/6/24 12:22,0.000574,0.000224,NaN,0.023333333,0.005642,'ND','ND',0.269496495
207,6/6/24 10:33,0.002184,0.000322,0.011074,0.046666667,0.004929,'ND','ND',0.169083704
209,6/28/24 10:35,0.009856,0.002772,0.032662,0.26,0.006882,'ND','0.18813',0.167059332
210,6/6/24 12:50,4.20E-05,9.80E-05,0.002534,0.023333333,0.004898,'ND','ND',0.2584902
211,6/6/24 10:16,0.00056,0.000294,0.0049,0.083333333,0.005859,'0','0.02058',0.160632442
212,6/6/24 10:05,0.000392,0.000378,0.000462,0.043333333,0.005735,'0.001178','ND',0.160612787
213,6/6/24 13:08,0.000434,0.00021,0.000812,0.02,0.00496,'ND','0.001624',0.148328976
214,6/6/24 9:48,0.001946,0.000392,0.001232,0.07,0.005115,'0.000279','0.005908',0.128026291
215,6/6/24 9:39,0.00154,0.000238,0.006566,0.085,0.005518,'0.000775','0.016408',0.163678827
216,6/6/24 13:27,0.000322,NaN,0.000406,0.033333333,0.004929,'ND','ND',0.304677333
217,6/1/24 11:30,0.001498,NaN,0.002996,0.15,0.007409,'ND','0.00434',0.175549903
218,6/6/24 14:03,0.002086,0.000182,0.010626,0.036666667,0.006231,'0.00093','ND',0.276984707
219,6/6/24 13:50,0.00042,NaN,0.001736,0.016666667,0.005797,'ND','ND',0.199154475
220,6/1/24 11:54,0.001722,NaN,0.013328,0.076666667,0.00465,'0.00093','0.019096',0.218218951
222,6/6/24 14:32,0.001036,NaN,NaN,0.02,0.005642,'6.2e-05','0.000504',0.21552634
223,6/1/24 12:20,NaN,NaN,0.000406,0.06,0.004278,'ND','0.017472',0.149527876
224,6/6/24 15:08,0.000574,NaN,NaN,0.146666667,0.004743,'ND','ND',0.16863166
225,6/6/24 14:52,0.00112,NaN,NaN,0.096666667,0.00465,'ND','ND',0.141076613
226,6/1/24 12:39,0.00098,NaN,0.0056,0.146666667,0.009424,'0.000217','0.001344',0.493513915
227,6/1/24 12:49,NaN,NaN,NaN,0.046666667,0.004371,'ND','0.014672',0.216214233
228,6/15/24 12:14,0.001526,0.000168,NaN,0.106666667,0.005456,'3.1e-05','0.007616',0.288285814
229,6/1/24 13:15,0.00224,7.00E-05,0.002926,0.13,0.005735,'ND','0.002268',0.299351072
230,6/1/24 13:08,0.004424,0.00014,0.02807,0.04,0.004371,'0.000403','0.005376',0.172090781
231,6/15/24 12:42,0.000616,0,NaN,0.176666667,0.006045,'ND','0.022456',0.436340141
232,6/1/24 13:24,0.004508,NaN,0.032676,0.086666667,0.006045,'0.000155','0.005376',0.349606603
235,6/1/24 15:06,0.001666,0.000294,0.002464,0.05,0.005766,'ND','0.023996',0.243277927
237,6/9/24 16:37,0.00028,0.000182,0.000826,0.06,0.005301,'0.000527','ND',0.17865525
238,6/9/24 11:59,0.002786,0.001428,0.001722,0.153333333,0.006231,'0.000496','0.079044',0.287538958
239,6/9/24 16:20,0.001204,0.000182,0.00175,0.083333333,0.006324,'0.000341','ND',0.180463427
241,6/9/24 12:13,0.004312,0.000392,0.001736,0.105,0.005518,'0.000961','0.01694',0.202259823
242,6/9/24 12:25,0.001344,0.000252,0.000994,0.14,0.005549,'0','0.019376',0.244005129
243,6/9/24 15:59,0.002492,0.000434,0.00196,0.16,0.005766,'0.000124','ND',0.191666264
244,6/9/24 12:38,0.002954,0.000854,0.003164,0.223333333,0.006541,'0.000403','0.075992',0.293749654
246,6/9/24 15:37,0.00168,0.000308,0.002814,0.1,0.007471,'0.000341','ND',0.238718177
247,6/9/24 13:11,0.006034,0.000812,0.00266,0.163333333,0.00868,'0.000124','0.044464',0.206564071
248,6/9/24 15:16,NaN,0.000154,NaN,0.096666667,0.005487,'ND','0.011592',0.177810124
249,6/9/24 15:04,0.00084,0.000504,NaN,0.076666667,0.006789,'ND','0.00238',0.167747225
250,6/9/24 13:55,0.006468,0.001064,0.002282,0.193333333,0.009238,'0.000155','0.10175',0.24463406
252,6/9/24 14:16,0.004242,0.000602,NaN,0.133333333,0.008029,'0.000155','0.046956',0.229343171
253,6/22/24 10:21,0.002744,0.000518,0.000182,0.116666667,0.005518,'0.000961','0.0497',0.241941449
254,6/22/24 10:36,0.003794,0.000812,0.001778,0.206666667,0.005735,'0.000372','0.055664',0.285082196
255,6/22/24 10:51,0.00777,0.000238,0.00189,0.156666667,0.005642,'0.000682','0.021224',0.700923621
256,6/22/24 11:05,NaN,5.60E-05,NaN,0.13,0.005022,'0.000341','ND',0.135101767
259,6/22/24 11:35,NaN,1.40E-05,NaN,0.096666667,0.004433,'ND','0.004172',0.444634171
260,6/22/24 14:56,0.001512,0.000672,NaN,0.216666667,0.005177,'0.001178','0.0623',0.466568145
263,6/22/24 11:54,0.000112,4.20E-05,NaN,0.125,0.00527,'ND','0.003472',0.330542127
264,6/15/24 12:26,0.00217,8.40E-05,NaN,0.12,0.006045,'ND','0.017416',0.421285101
266,6/22/24 14:39,0.00105,0,0,0.236666667,0.006169,'0.000155','0.060256',0.331858951
267,6/22/24 12:16,0.000518,NaN,0.00539,0.083333333,0.005363,'0.001054','0.010808',0.363462742
268,6/22/24 14:19,0.00602,0.000812,0.002212,0.196666667,0.006634,'0.000496','0.06006',0.35218129
269,6/22/24 14:08,2.80E-05,0.000294,0.000588,0.136666667,0.00527,'6.2e-05','0.11329',0.329303918
270,6/22/24 12:38,0.000672,1.40E-05,0.001288,0.093333333,0.005425,'3.1e-05','0.045108',0.408018585
271,6/22/24 13:33,0.011606,0.001106,0.003108,0.175,0.006138,'0.000279','0.10422',0.476414849
272,6/22/24 13:16,0.000756,NaN,0.000154,0.106666667,0.00496,'0.00062','0.019096',0.827083282
273,6/22/24 13:02,0.003696,NaN,NaN,0.12,0.004805,'9.3e-05','0.010976',0.446796122
275,6/23/24 11:50,0.002324,0.000112,NaN,0.133333333,0.006293,'ND','0.003584',0.571914116
276,6/23/24 11:13,0.003738,0.000322,1.40E-05,0.096666667,0.005394,'ND','0.006412',0.412480065
278,6/23/24 9:26,0.005474,0.000378,0.002422,0.11,0.005921,'ND','0.073584',0.540094129
280,6/23/24 9:58,0.002772,NaN,0.00154,0.096666667,0.004991,'ND','0.005824',0.44597065
281,6/8/24 8:20,0.003752,NaN,0.000168,0.156666667,0.008649,'ND','ND',0.454382604
282,6/27/24 17:39,0.002198,0.000938,0.006118,0.283333333,0.006417,'ND','0.23806',0.37529451
284,6/27/24 17:11,0.001246,0.000952,0.007294,0.44,0.00527,'0.000124','0.70496',0.395852697
285,6/27/24 12:22,0.002968,0.00154,0.008722,0.233333333,0.002449,'9.3e-05','0.1267',0.230915499
287,6/27/24 17:00,0.003332,0.001288,0.00616,0.373333333,0.002263,'ND','1.0227',0.32916634
288,6/27/24 16:46,0.000574,1.40E-05,0.001862,0.283333333,0.002976,'ND','0.39729',0.453026471
289,6/27/24 12:47,0.006426,0.001386,0.015414,0.206666667,NaN,'ND','0.14988',0.253144285
290,6/27/24 16:15,0.000602,0,0.001316,0.19,0.009765,'ND','0.089572',0.650609128
291,6/27/24 16:28,0.00266,0.000266,0.0021,0.24,0.007781,'ND','0.18872',0.505778073
292,6/27/24 13:03,0.009674,0.001526,0.01043,0.24,0.006603,'ND','0.16974',0.260573535
294,6/27/24 13:49,0.002688,0.000602,0.003458,0.26,0.008432,'ND','0.1444',0.464759968
295,6/27/24 15:54,0.000308,0.000392,0.002856,0.213333333,0.008804,'ND','0.077448',0.689642168
296,6/27/24 14:08,0.003262,0.001344,0.004522,0.26,0.010757,'3.1e-05','0.41513',0.68610443
301,6/27/24 15:02,0.00329,0.001442,0.005838,0.226666667,0.007998,'ND','0.094724',0.51957525
302,6/27/24 15:30,0.001162,0.000616,0.00357,0.206666667,0.008711,'0.000248','0.046844',0.339445433
305,6/28/24 11:30,0.00357,0.001484,0.003948,0.17,0.007874,'ND','0.048748',0.339229238
307,6/28/24 11:42,0.00756,0.004242,0.024808,0.256666667,0.0093,'ND','0.080864',0.968730373
309,6/28/24 11:07,0.00343,0.000784,0.005082,0.173333333,0.007874,'ND','0.05544',0.233706381
310,6/28/24 10:55,0.005222,0.002688,0.025522,0.3,0.007068,'ND','0.171',0.255207966
312,6/28/24 14:11,0.002548,0.000336,0.007392,0.246666667,0.010974,'ND','0.074396',0.308391957
314,6/27/24 15:17,0.003752,0.001414,0.006104,0.2,0.008339,'ND','0.082404',0.24093909
315,6/28/24 14:26,0.01344,0.001218,0.005068,0.153333333,0.006789,'ND','0.068292',0.351906132
316,6/28/24 14:41,0.007308,0.002128,0.009212,0.196666667,0.007378,'ND','0.097216',0.460573645
317,6/28/24 15:34,0.010164,0.00147,0.006706,0.233333333,0.00837,'ND','0.092596',0.502476184
318,6/8/24 13:36,NaN,NaN,0.003024,0.133333333,0.01116,'ND','0.069944',0.28869855
319,6/8/24 13:08,0.000182,0.000322,NaN,0.096666667,0.00837,'0.000155','0.05796',0.579009245
322,6/8/24 8:42,0.00791,0.000658,0.004088,0.113333333,0.008494,'0.000682','ND',0.810200411
324,6/8/24 12:47,8.40E-05,0.00035,NaN,0.15,0.007006,'3.1e-05','0.029988',0.420420321
325,6/8/24 9:09,0.0007,0.000476,NaN,0.11,0.007285,'0.000186','0.015064',0.399390435
328,6/8/24 9:39,0.000588,0.000266,NaN,0.063333333,0.007657,'ND','ND',0.259551521
330,6/8/24 11:51,0.000924,0.000574,0.000924,0.066666667,0.008959,'0.000186','0.07728',0.381780363
332,6/8/24 10:29,0.00441,0.000574,0.00441,0.12,0.006293,'ND','0.042756',0.303714282
333,6/8/24 10:59,0.00154,0.00042,0.00154,0.1,0.006975,'0.000279','0.020356',0.288207198
335,6/8/24 10:11,0.000574,0.000462,0.000574,0.06,0.007409,'0.000372','ND',0.283077478
337,6/8/24 11:17,0.000294,0.000476,0.000294,0.06,0.007719,'0.000403','0.022176',0.311005952
400,6/6/24 14:20,NaN,0.001176,0.001176,0.1,0.003131,'ND','ND',NaN
401,6/9/24 16:56,0.000462,0.000574,NaN,0.06,0.006324,'0.000248','0.001092',0.20080542
402,6/9/24 14:34,0.001316,0.000406,NaN,0.126666667,0.005332,'ND','0.061824',0.205836869
403,6/23/24 11:30,0.001554,NaN,NaN,0.116666667,0.003348,'ND','0.027888',0.565683766
500,6/1/24 12:11,0.014602,0.00063,0.039662,0.16,0.009765,'0.000403','0.03374',0.666528948
501,6/1/24 10:42,0.00364,0.000392,0.011116,0.44,0.008649,'0.003999','0.34745',0.256288941
502,6/1/24 13:32,0.003206,0.000476,0.00532,0.1,0.006293,'ND','0.002548',0.291961131
503,6/1/24 15:32,0.002912,0.000532,0.002982,0.203333333,0.00682,'ND','0.084532',0.382861338
504,6/9/24 13:26,0.005138,0.001358,0.017514,0.316666667,0.012307,'0.000372','0.19981',0.612047786
505,6/27/24 13:16,0.009758,0.003416,0.006692,0.213333333,0.011811,'ND','0.077',0.501847253
506,6/22/24 15:09,0.009226,0.001708,0.009674,0.346666667,0.006386,'0.000496','0.046592',0.631466035
507,6/27/24 14:40,0.001988,0.001078,0.00735,0.36,0.014694,'0.000124','0.089348',0.644103621
508,6/28/24 14:56,0.002968,0.000812,0.002408,0.296666667,0.00961,'ND','0.0952',0.400432102
509,6/28/24 15:10,0.002408,0.000434,0.001638,0.303333333,0.007285,'ND','0.059136',0.221815651
200,8/27/24 10:23,8.40E-05,NaN,0.000574,0.133333333,0.003844,'9.3e-05','0.007504',0.22991314
201,8/27/24 9:53,0.00063,NaN,0.000644,0.116666667,0.004278,'0','0.017304',0.146442182
203,8/27/24 10:51,0.003318,NaN,0.000588,0.113333333,0.003906,'ND','0.007476',0.130659941
204,8/27/24 9:30,0.007896,0.000406,0.003808,0.233333333,0.005549,'0.000217','0.043344',0.104028637
206,8/27/24 11:10,0.000952,NaN,0.001316,0.106666667,0.004495,'6.2e-05','0.005768',0.146225987
207,8/27/24 11:34,0.009492,0.000252,0.00259,0.14,0.004526,'0.00031','0.003892',0.100962597
209,8/23/24 9:46,0.015512,0.001302,0.007784,0.3,0.004154,'ND','0.05502',0.207291272
210,8/27/24 11:34,0.000714,NaN,0.000504,0.106666667,0.004278,'6.2e-05','0.005936',0.17505855
211,8/27/24 8:51,0.002534,0.000336,0.003178,0.126666667,0.004526,'0.00031','0.0322',0.12106874
212,8/27/24 8:39,0.00203,4.20E-05,0.001316,0.14,0.003906,'0.000434','0.015708',0.107821878
213,8/27/24 11:55,0.003612,0.000252,0.005012,0.124242424,0.003162,'ND','0.007868',0.155188256
214,8/27/24 8:18,0.01729,0.000434,0.003332,0.154545455,0.00403,'ND','0.008148',0.04223615
215,8/27/24 8:05,0.006356,0.000532,0.00588,0.175757576,0.004433,'ND','0.042504',0.181170975
216,8/27/24 12:12,0.019488,0.000154,0.002072,0.13030303,0.003751,'ND','0.007924',0.121815596
217,8/27/24 14:12,0.004718,0.000224,0.001806,0.154545455,0.004092,'ND','0.022036',0.24060497
218,8/27/24 12:35,0.00525,2.80E-05,0.00301,0.136363636,0.004743,'ND','0.016184',0.167570338
219,8/27/24 12:54,0.013384,0.000868,0.019446,0.127272727,0.004092,'0.001581','0.009184',0.095086022
220,8/27/24 13:52,0.004032,0.000308,0.002814,0.136363636,0.003937,'ND','0.047852',0.250884064
222,8/27/24 13:32,0.003878,0,0.00203,0.103333333,0.00341,'ND','0.00882',0.066391037
223,8/29/24 8:19,0.00042,0.000252,NaN,0.113333333,0.004185,'ND','0.02982',0.136968906
224,9/16/24 16:30,0.001316,NaN,0.002394,0.006666667,0.004154,'ND','0.002492',0.172542825
225,9/16/24 16:20,0.001666,NaN,0.001078,0.063333333,0.004092,'ND','0.013272',0.267766935
226,8/29/24 9:10,0.001316,0.000364,0.001218,0.146666667,0.004185,'ND','0.001036',0.213443005
227,8/29/24 8:57,0.00056,0.000154,NaN,0.14,0.004991,'ND','0.0224',0.180306195
228,9/16/24 14:11,0.000798,NaN,0.003626,0,0.003844,'ND','0.017164',0.115310089
229,8/29/24 9:42,0.003654,0.000392,NaN,0.17,0.006448,'ND','ND',0.254323531
230,8/29/24 9:34,0.002828,0.000168,0.003402,0.1,0.003875,'ND','0.015456',0.091174856
231,9/16/24 13:50,0.0077,0,0.001554,0.013333333,0.004433,'ND','0.00714',0.141803815
232,8/29/24 9:55,0.006146,0.000518,0.000994,0.203333333,0.006913,'0.000155','0.011788',0.33123002
235,8/29/24 10:28,0.003738,0.000784,0.002226,0.146666667,0.004061,'ND','0.003752',0.224468955
237,9/16/24 13:10,0.007742,NaN,0.002786,0.006666667,0.007688,'ND','0.011676',0.098505835
238,8/29/24 10:50,0.016044,0.001204,0.002646,0.153333333,0.004557,'ND','0.015568',0.216764548
239,9/16/24 12:15,0.022862,2.80E-05,0.003332,0.013333333,0.005394,'3.1e-05','0.01862',0.144319539
241,8/25/24 7:20,0.00567,0.001386,0.005726,0.266666667,0.005642,'ND','0.1694',0.26285341
242,8/25/24 7:28,0.006188,0.00084,0.004914,0.242424242,0.004774,'ND','0.081676',0.316430484
243,8/25/24 7:48,0.016478,2.80E-05,0.002562,0.190909091,0.004402,'ND','0.004536',0.136870636
244,8/25/24 12:02,0.013244,0.00266,0.015358,0.384848485,0.006169,'ND','1.4266',0.49099819
246,8/25/24 8:10,0.00056,NaN,0.001148,0.133333333,0.0062,'ND','0.007532',0.341174994
247,8/25/24 11:22,0.007784,0.001134,0.002478,0.293939394,0.006789,'ND','0.20969',0.710239664
248,8/25/24 8:57,0.00658,0.000406,0.003598,0.193939394,0.004402,'ND','0.13138',0.218592379
249,8/25/24 8:36,0.001876,NaN,0.002618,0.16969697,0.004557,'ND','0.04438',0.200196143
250,8/25/24 10:12,0.001484,2.80E-05,0.00126,0.306060606,0.010912,'ND','0.29',2.380519605
252,8/25/24 9:43,0.000728,1.40E-05,0.001218,0.176666667,0.005146,'ND','0.054964',0.399803171
253,8/24/24 12:46,0.00343,0.000728,0.001232,0.296969697,0.008153,'0.000279','0.19944',2.258801736
254,8/24/24 8:44,0.00882,0.00154,0.004858,0.442424242,0.025079,'0.002325','0.36448',2.812586079
255,8/24/24 9:03,0.002282,0.00063,0.001708,0.287878788,0.00558,'3.1e-05','0.28577',0.788541594
256,8/24/24 9:21,NaN,NaN,NaN,0.184848485,0.004371,'ND','0.000392',0.113914648
259,8/24/24 9:44,0.00259,NaN,0.00217,0.13,0.004588,'ND','0.005656',0.184944562
260,8/24/24 12:04,0.005516,0.001232,0.006244,0.3,0.006727,'ND','0.097832',0.659080044
263,8/24/24 10:10,0.000574,NaN,0.00462,0.23,0.005022,'ND','0.013972',0.219516122
264,9/16/24 14:02,0.012712,8.40E-05,0.00168,0.123333333,0.004495,'ND','0.0098',0.145223628
266,8/24/24 11:44,0.004928,0.001162,0.009828,0.22,0.007409,'ND','0.028448',0.593769474
267,8/24/24 10:33,0.007616,0.000322,0.003976,0.14,0.007564,'0.000279','0.18827',1.835176925
268,8/24/24 10:24,0.008722,0.001218,0.006958,0.35,0.007626,'ND','0.026572',0.332173417
269,8/24/24 10:11,0.001764,0.000714,0.00259,0.26,0.006262,'ND','0.059052',0.354284278
270,8/24/24 10:56,0.004256,0.000308,0.041636,0.22,0.00837,'ND','0.078204',0.850766471
271,8/23/24 10:16,0.00868,0.000826,0.005936,0.19,0.005859,'ND','0.14154',0.430954918
272,8/23/24 10:33,0.002436,0.000378,0.00392,0.14,0.00806,'ND','0.22798',0.727319076
273,8/23/24 10:47,0.008106,0.000252,0.0007,0.1,0.006045,'ND','0.20098',0.438816558
275,8/23/24 9:46,0.003654,0.000392,0.0056,0.16,0.006665,'ND','0.19897',0.631701884
276,8/23/24 11:18,0.0091,0.000588,0.008932,0.13,0.006355,'0.001302','0.16845',0.623840245
278,8/23/24 12:09,0.000364,NaN,0.002436,0.08,0.006045,'ND','0.16447',0.580738806
280,8/23/24 11:43,0.005334,0.000182,0.040026,0.07,0.005456,'ND','0.11458',0.475098024
281,9/3/24 7:59,NaN,NaN,5.60E-05,0.166666667,0.005301,'ND','ND',0.265428097
282,9/11/24 13:03,0.003402,0.001554,0.006692,0.29,0.005859,'0.000372','0.24948',0.197798343
284,9/11/24 13:20,0.003556,0.000924,0.003416,0.273333333,0.006324,'0.00031','1.4398',0.193631674
285,9/11/24 16:39,0.006048,0.00119,0.003696,0.07,0.004805,'9.3e-05','0.063756',0.138148152
287,9/11/24 13:34,0.006076,0.001414,0.006426,0.34,0.007161,'0.000372','0.31836',0.253144285
288,9/11/24 13:51,0.000924,0.000238,0.001582,0.133333333,0.010509,'0.000248','2.441',0.44127332
289,9/11/24 16:19,0.009912,0.002912,0.019768,0.216666667,0.007719,'0.000124','0.20493',0.425648311
290,9/11/24 14:27,0.00063,0.00021,0.001442,0.123333333,0.007905,'0.000155','3.1629',0.889249197
291,9/11/24 14:10,0.001568,0.000798,0.002254,0.21,0.00527,'9.3e-05','0.18206',0.330011466
292,9/11/24 15:49,0.014028,0.001484,0.007406,0.106666667,0.00558,'0.000279','0.09338',0.191351798
294,9/11/24 15:37,0.007742,0.001078,0.006146,0.143333333,0.004991,'0.000558','0.28916',0.274468982
295,9/11/24 14:53,0.002338,0.00056,0.004032,0.156666667,0.008029,'0.000403','0.69751',1.596737796
296,9/11/24 15:13,0.003318,0.001162,0.002254,0.153333333,0.007285,'9.3e-05','1.178',0.34465377
301,9/14/24 10:31,0.001974,0.00098,NaN,0.153333333,0.008773,'ND','0.16254',0.715723157
302,9/14/24 12:11,0.007434,0.000994,0.009086,0.11,0.006789,'ND','0.078092',0.2973267
305,9/14/24 12:28,0.000994,0.00049,NaN,0.07,0.006727,'ND','0.15036',0.284217416
307,9/14/24 12:42,0.010332,0.00623,0.007168,0.13,0.007099,'ND','0.1451',0.230404493
309,9/14/24 13:12,0.005838,0.000896,0.040054,0.07,0.006417,'ND','0.063924',0.244299941
310,9/14/24 13:29,0.009954,0.004144,0.029274,0.216666667,0.007037,'ND','0.15744',0.184158398
312,8/23/24 13:56,0.001078,0.00028,0.000378,0.239393939,0.006448,'ND','0.17814',0.229500404
314,9/14/24 11:11,0.015778,0.008022,0.016828,0.143333333,0.007409,'ND','0.18878',0.139091549
315,8/23/24 14:13,0.005838,0.000182,0.005376,0.2,0.006231,'0','0.28605',0.263816461
316,8/23/24 14:26,0.005194,0.000826,0.00259,0.2,0.00589,'ND','0.11654',0.195636392
317,8/23/24 14:35,0.010822,0.002016,0.009016,0.254545455,0.005797,'ND','0.045556',0.231387198
318,9/3/24 13:17,0.000434,NaN,0.000112,0.178787879,0.006541,'0.000248','0.19888',0.349724527
319,9/3/24 12:51,0.00161,2.80E-05,0.000252,0.154545455,0.005673,'0.000527','0.034412',0.362263842
322,9/3/24 8:25,0.00245,0.000336,0.000826,0.160606061,0.004712,'0.000341','ND',0.19524331
324,9/3/24 12:32,0.001834,0.000252,0.006342,0.12,0.004433,'9.3e-05','0.009604',0.334276405
325,9/3/24 8:54,0.001806,0.000252,0.003136,0.123333333,0.004991,'ND','0.02128',0.17419377
328,9/3/24 9:23,0.00203,4.20E-05,0.000392,0.11,0.004278,'0.000341','0.002212',0.149744071
330,9/3/24 11:44,0.000742,0.000168,0.000882,0.113333333,0.005084,'3.1e-05','0.013916',0.330050774
332,9/3/24 10:13,NaN,NaN,0.001176,0.1,0.004712,'ND','0.016828',0.185003524
333,9/3/24 10:45,0.002562,1.40E-05,0.001204,0.106666667,0.004309,'ND','0.009688',0.11190993
335,9/3/24 0:00,0.002366,NaN,8.40E-05,0.09,0.004371,'ND','0.004676',0.219044424
337,9/3/24 0:00,0.001344,7.00E-05,0.000546,0.093333333,0.005115,'ND','0.008792',0.305522459
400,8/27/24 13:13,0.004536,0.000126,0.001694,0.1,0.003782,'ND','0.009212',0.154539671
401,9/16/24 13:22,0.002842,NaN,0.014896,0,0.004681,'ND','0.00686',0.131858841
402,8/25/24 9:25,0.013454,0.000532,0.005348,0.176666667,0.004464,'ND','0.074088',0.440192345
403,8/23/24 11:05,0.000938,0.000322,0.001596,0.290909091,0.006572,'ND','0.22478',0.608215236
500,8/29/24 8:35,0.003332,0.000728,0.00294,0.16,0.006045,'ND','0.050036',0.249311736
501,8/29/24 7:27,0.010514,0.00098,0.027958,0.606666667,0.007223,'ND','0.32024',0.337165558
502,8/29/24 10:05,0.002226,0.000644,NaN,0.153333333,0.006169,'ND','ND',0.545695548
503,8/29/24 11:19,0.005712,0.001232,0.011718,0.286666667,0.006572,'ND','0.092512',0.320184417
504,8/25/24 11:07,0.024976,0.00217,0.024192,0.363333333,0.009889,'0.000589','0.23666',0.956780681
505,9/11/24 16:01,0.01316,0.002464,0.004606,0.106666667,0.007626,'0.000248','0.091168',0.732723953
506,8/24/24 12:20,0.006818,0.001624,0.008666,0.26,0.005828,'ND','0.062356',0.359296073
507,9/14/24 10:03,0.007238,0.001526,0.008568,0.203333333,0.010354,'ND','0.12676',0.414189972
508,8/23/24 13:01,0.00714,0.001218,0.005082,0.290909091,0.007688,'ND','0.039088',0.336438356
509,8/23/24 12:41,0.002464,0.000826,0.00343,0.303030303,0.006634,'ND','0.02562',0.098545143
200,11/15/24 11:35,0.00231,0.000126,NaN,0.076666667,0.004991,'0.00031','ND',0.061822153
201,11/15/24 10:12,0.002156,0.000378,NaN,0.1,0.005642,'ND','0.007',0.166409129
203,11/15/24 11:01,0.008834,0.000224,NaN,0.09,0.005022,'ND','ND',0.123485945
204,11/15/24 9:52,0.004522,0.000448,NaN,0.11,0.006138,'ND','0.037492',0.287423231
206,11/15/24 11:17,0.009058,0.000322,NaN,0.086666667,0.006355,'ND','ND',0.257572047
207,11/15/24 9:30,0.006552,0.000434,NaN,0.103333333,0.005921,'ND','0.023324',0.386466255
209,11/11/24 9:37,0.00917,0.00147,0.003416,0.326666667,0.006324,'0.000403','0.009716',0.138576667
210,11/15/24 11:42,0.010444,0.000168,0.000812,0.07,0.005146,'ND','0.000196',0.115733837
211,11/19/24 13:00,0.018578,0.001652,0.002688,0.156666667,0.008246,'ND','0.047404',0.438559227
212,11/19/24 12:51,0.018116,0.000308,NaN,0.083333333,0.006107,'ND','0.024192',0.522775628
213,11/15/24 11:59,0.005222,0.00021,0.002478,0.06,0.005921,'ND','0.002184',0.150696621
214,11/19/24 12:33,0.006076,0.001232,0.001218,0.123333333,0.007471,'ND','0.046452',0.392706948
215,11/19/24 12:23,0.001484,0.000448,0.00098,0.1,0.00589,'ND','0.061852',0.363909686
216,11/15/24 12:14,0.006272,0.000168,0.00098,0.073333333,0.006076,'6.2e-05','0.001428',0.449187457
217,11/19/24 12:03,0.004886,0.001176,0.003038,0.183333333,0.006944,'0.000155','0.081508',0.427601646
218,11/15/24 12:36,0.002212,0.000126,0.002758,0.083333333,0.005735,'ND','ND',0.194872245
219,11/15/24 12:49,0.003654,7.00E-05,0.004088,0.076666667,0.005921,'0.000341','0.002408',0.14761504
220,11/19/24 11:43,0.008372,0.001008,0.001764,0.12,0.006634,'ND','0.08092',0.33484502
222,11/15/24 13:19,0.010514,2.80E-05,0.00399,0.07,0.006479,'ND','0.00196',0.137725296
223,11/19/24 11:12,0.001582,0.00056,0.000266,0.12,0.006727,'ND','0.05698',0.425970516
224,11/15/24 13:50,0.00861,0.00077,0.008414,0.073333333,0.00651,'0.000217','0.009828',0.259648391
225,11/15/24 13:38,0.013076,0.000112,NaN,0.086666667,0.005518,'0.000155','0.002856',0.212484233
226,11/19/24 10:49,0.006174,0.000882,0.002548,0.13,0.007409,'0.003627','0.047516',0.320962523
227,11/19/24 10:38,0.006706,0.000882,0.001428,0.07,0.007068,'ND','0.039844',0.565484416
228,11/15/24 14:07,0.000462,2.80E-05,NaN,0.083333333,0.005425,'ND','ND',0.131037537
229,11/19/24 10:04,0.012824,0.00203,0.004648,0.276666667,0.011005,'ND','0.049504',0.558410665
230,11/19/24 10:14,0.016282,0.000742,0.001946,0.19,0.007595,'0.00031','0.06048',0.35014407
231,11/15/24 14:32,0.002996,NaN,0.001134,0.07,0.005704,'6.2e-05','0.001932',0.131148386
232,11/19/24 9:49,0.010906,0.001526,0.004242,0.2,0.011005,'ND','0.050176',0.531367153
235,11/15/24 15:58,0.026516,0.001344,0.005614,0.093333333,0.006944,'3.1e-05','0.033936',0.378208513
237,11/15/24 15:11,NaN,1.40E-05,NaN,0.05,0.004898,'ND','0.001792',0.124835574
238,11/15/24 15:42,0.00896,0.000644,0.007042,0.11,0.00651,'ND','0.013272',0.382512596
239,11/15/24 15:28,0.013188,0.00014,NaN,0.05,0.005053,'ND','ND',0.156418527
241,12/8/24 10:57,0.003024,0.000406,NaN,0.063333333,0.007409,'ND','ND',0.158762093
242,12/8/24 11:04,0.003206,0.000196,NaN,0.086666667,0.007533,'ND','0.00056',0.182318013
243,12/6/24 9:43,NaN,NaN,0.00056,0.133333333,0.007564,'ND','0.007112',0.070821797
244,12/8/24 11:16,0.005824,0.000644,0.00042,0.276666667,0.007099,'3.1e-05','0.043596',0.099142345
246,12/6/24 10:03,0.00945,0.000924,0.000826,0.096666667,0.00651,'ND','0.007',0.104263392
247,12/6/24 11:01,0.002352,0.000112,NaN,0.156666667,0.007037,'ND','0.18326',0.153755602
248,12/6/24 10:28,NaN,NaN,NaN,0.046666667,0.006851,'ND','0.009716',0.130818709
249,12/6/24 10:41,0.000392,NaN,0.005404,0.036666667,0.006076,'ND','0.00686',0.14477536
250,12/6/24 12:12,0.001918,0.000182,0.010122,0.083333333,0.00713,'ND','0.10142',0.118202422
252,12/6/24 12:35,NaN,NaN,NaN,0.053333333,0.006231,'ND','0.0091',0.082400439
253,11/26/24 13:34,0.00245,0.000644,0.00217,0.086666667,0.00558,'ND','ND',0.090550202
254,11/26/24 9:37,0.002072,0.000672,0.002142,0.096666667,0.00527,'ND','0.037912',0.075863458
255,11/26/24 9:54,0.001778,0.000392,0.001246,0.04,0.00558,'ND','0.008148',0.161236964
256,11/26/24 10:11,0.00462,0.000364,0.004214,0.04,0.005766,'ND','0.007392',0.148261062
259,11/26/24 10:36,0.000882,0.00035,0.00049,0.04,0.005022,'ND','0.00966',0.137784082
260,11/26/24 10:55,0.002324,0.00098,0.004326,0.22,0.006665,'ND','0.02366',0.077287458
263,11/26/24 12:26,NaN,0.000448,0.00147,0.05,0.004991,'ND','0.011844',0.185687671
264,11/15/24 14:20,0.004788,0.000252,0.001708,0.043333333,0.005332,'0.000496','0.000336',0.143321203
266,11/26/24 11:18,0.001512,0.000882,0.005838,0.23,0.00651,'ND','0.010528',0.110419649
267,11/26/24 12:09,NaN,0.000392,0.001596,0.043333333,0.004991,'ND','0.02982',0.269661155
268,11/26/24 11:37,0.001176,0.000826,0.002282,0.11,0.004805,'ND','0.001652',0.128104337
269,11/26/24 13:03,0.00224,0.000392,NaN,0.08,0.004991,'ND','0.017388',0.220545273
270,11/26/24 0:00,0.00126,8.40E-05,NaN,0.043333333,0.00496,'0','0.012012',0.214192496
271,11/11/24 12:26,0.015666,0.002226,NaN,0.14,0.006634,'0.000341','0.02436',0.471825556
272,11/11/24 12:44,0.00063,0.000364,NaN,0.093333333,0.005518,'ND','0.01848',0.364307632
273,11/11/24 12:51,0.001834,0.000308,0.004116,0.046666667,0.00527,'0.000248','0.004592',0.158757479
275,11/11/24 12:04,0.004578,0.00056,NaN,0.06,0.005983,'0.000341','0.020524',0.4973643
276,11/11/24 13:14,0.002226,0.000196,NaN,0.056666667,0.00558,'0.000341','0.003808',0.195463296
278,11/11/24 13:56,0.015638,0.000546,0.00091,0.043333333,0.00496,'0.000341','0.020776',0.569039295
280,11/11/24 13:35,0.013958,0.000308,0.000364,0.043333333,0.00434,'0.000341','0.005068',0.208740355
281,11/24/24 7:58,0.003738,0.000518,0.002534,0.073333333,0.004836,'0','0.029764',0.184265087
282,11/12/24 14:39,0.00273,0.000462,0.000238,0.09,0.004929,'0.000372','0.085288',0.204105432
284,11/12/24 14:22,0.002086,0.000126,NaN,0.123333333,0.006603,'0.000155','0.31808',0.18852063
285,11/12/24 11:20,0.002422,0.000504,0.00028,0.08,0.004557,'0.000155','0.036232',0.174498073
287,11/12/24 14:08,0.034972,0.003738,0.000252,0.106666667,0.005456,'0.001147','0.2219',0.200510043
288,11/12/24 13:51,0.000938,NaN,NaN,0.12,0.006324,'0.000341','0.54718',0.31116281
289,11/12/24 11:45,0.003038,0.000616,0.004536,0.093333333,0.004991,'0.000217','0.044828',0.158892707
290,11/12/24 13:27,0.001302,0.000252,0.001484,0.136666667,0.011842,'0.000837','0.41387',0.495051435
291,11/12/24 12:51,0.001106,7.00E-05,NaN,0.093333333,0.005797,'0','0.14596',0.162840009
292,11/12/24 12:02,0.00973,0.000854,0.003024,0.1,0.005394,'ND','0.049364',0.229874486
294,11/12/24 13:34,0.005292,0.000756,0.001372,0.113333333,0.00558,'ND','0.076272',0.20792964
295,11/9/24 9:51,0.00371,0.000616,0.004956,0.373333333,0.011501,'0.000527','1.2709',0.742032539
296,11/9/24 9:51,0.002478,0.000168,0.001302,0.086666667,0.006014,'0.000186','0.30517',0.140379829
301,11/9/24 12:35,0.009436,0.000896,0.003514,0.143333333,0.006541,'9.3e-05','0.1157',0.295052937
302,11/9/24 10:24,0.013048,0.000924,0.00756,0.19,0.00744,'0.001085','0.25536',0.243368556
305,11/9/24 10:42,0.010346,0.001554,0.009212,0.15,0.006634,'0.000155','0.25407',0.236303052
307,11/9/24 10:57,0.01358,0.002492,0.015064,0.213333333,0.00651,'6.2e-05','0.18645',0.264076693
309,11/11/24 9:59,0.008344,0.000854,0.001722,0.163333333,0.007905,'0.000558','0.055216',0.216441017
310,11/11/24 9:59,0.004928,0.001904,0.012404,0.223333333,0.008494,'0.000496','0.0455',0.11490997
312,11/11/24 10:32,0.001246,0.00077,0.003332,0.236666667,0.006045,'0.000248','0.10562',0.225106914
314,11/9/24 11:53,0.00686,0.000952,0.009268,0.256666667,0.007812,'6.2e-05','0.055776',0.182384537
315,11/11/24 10:50,0.015106,0.001414,0.00497,0.22,0.006603,'3.1e-05','0.066584',0.234257809
316,11/11/24 11:04,0.013342,0.002604,0.008918,0.103333333,0.00558,'6.2e-05','0.036232',0.198481585
317,11/11/24 11:19,0.005936,0.001862,0.010066,0.166666667,0.005673,'0.00031','0.063448',0.227519039
318,11/24/24 12:50,NaN,8.40E-05,0.002478,0.136666667,0.012152,'ND','0.12611',1.350444069
319,11/24/24 12:23,0.002744,0.00084,0.005824,0.116666667,0.016616,'0.000744','0.020384',1.231791924
322,11/24/24 8:17,0.002744,7.00E-05,0.002338,0.036666667,0.004185,'0.00031','0.00854',0.137236702
324,11/24/24 12:02,0.010528,0.002436,0.009618,0.113333333,0.010943,'0.00124','0.020272',0.774246545
325,11/24/24 8:43,0.013328,0.002128,0.004004,0.273333333,0.016027,'ND','0.00042',0.44817143
328,11/24/24 9:09,0.001246,0.00014,0.003514,0.063333333,0.005766,'ND','0.010808',0.218160325
330,11/24/24 10:25,0.020342,0.002884,0.008834,0.09,0.008339,'0.001519','0.056784',0.5351579
332,11/24/24 9:55,0.004578,0.000532,0.0028,0.063333333,0.0062,'0.000465','0.002856',0.209111741
333,11/24/24 10:23,0.00357,0.00056,NaN,0.063333333,0.007471,'ND','0.018144',0.609635408
335,11/24/24 9:35,0.00308,0.000224,NaN,0.046666667,0.007657,'ND','0.008848',0.157454356
337,11/24/24 10:44,0.010472,0.000826,0.004438,0.073333333,0.007781,'0.000279','0.034888',0.378861147
400,11/15/24 13:01,0.005138,0.000294,0.001372,0.056666667,0.005363,'0.001271','0.000364',0.151777065
401,11/15/24 14:58,0.00021,4.20E-05,NaN,0.046666667,0.005239,'0.000217','0.001932',0.164566728
402,12/6/24 11:18,0.000518,2.80E-05,0.011214,0.063333333,0.006851,'ND','0.007952',0.110235627
403,11/11/24 13:02,0.000518,0.000504,0.00189,0.086666667,0.004216,'6.2e-05','0.007784',0.175726752
500,11/19/24 11:26,0.017864,0.001204,0.003262,0.22,0.016027,'ND','0.057568',0.322948726
501,11/19/24 14:54,0.031318,0.00469,0.036736,0.453333333,0.006634,'ND','0.22117',0.473680419
502,11/19/24 9:39,0.018088,0.001778,0.015974,0.18,0.008897,'0','0.025508',0.245090153
503,11/19/24 9:20,0.011284,0.001176,0.00924,0.173333333,0.008525,'ND','0.054068',0.108498226
504,12/6/24 0:00,0.006482,0.000406,0.008792,0.283333333,0.01085,'9.3e-05','0.33244',0.482715668
505,11/12/24 12:14,0.00861,0.001596,0.003248,0.136666667,0.00775,'ND','0.10136',0.652303323
506,11/26/24 0:00,0.004032,0.00084,8.40E-05,0.245,0.009579,'ND','0.00364',0.217375442
507,11/9/24 13:01,0.012264,0.003304,0.024192,0.303333333,0.013981,'0.000589','0.053592',1.097465921
508,11/11/24 13:31,0.003556,0.001218,0.006006,0.17,0.006541,'3.1e-05','0.048328',0.166761478
509,11/11/24 11:51,0.017626,0.0028,0.007952,0.163333333,0.006076,'9.3e-05','0.05558',0.236930435